population,aspect,orientation,length,short,raster,axis,from_class,to_class,cases,mean_hamming,p10,median,min,zero_count,mean_normalized_hamming,min_raw0,min_raw1,min_changed_raw0,min_changed_raw1
random,1:1,H,100,100,normalized64,center,-1,-1,384,84.661458,69,83,54,0,0.04133860,155100546,433408,155101122,433408
random,1:1,H,100,100,normalized64,center,0,1,64,85.671875,70,85,61,0,0.04183197,117350445,6391111,117351021,6391111
random,1:1,H,100,100,normalized64,center,1,2,64,83.562500,69,82,55,0,0.04080200,155099954,433408,155100546,433408
random,1:1,H,100,100,normalized64,center,2,3,64,85.125000,71,86,54,0,0.04156494,155100546,433408,155101122,433408
random,1:1,H,100,100,normalized64,center,3,4,64,84.609375,69,86,54,0,0.04131317,155101122,433408,155101714,433408
random,1:1,H,100,100,normalized64,center,4,5,64,84.500000,68,82,57,0,0.04125977,12028509,8286801,12029085,8286801
random,1:1,H,100,100,normalized64,center,5,6,64,84.500000,67,82,56,0,0.04125977,155102290,433408,155102882,433408
random,1:1,H,100,100,normalized64,width,-1,-1,192,32.796875,25,32,16,0,0.01601410,5531723,7294101,5793867,7294101
random,1:1,H,100,100,normalized64,width,0,1,64,32.171875,25,32,16,0,0.01570892,42047699,16266523,42309843,16266523
random,1:1,H,100,100,normalized64,width,1,2,64,32.937500,25,32,16,0,0.01608276,5531723,7294101,5793867,7294101
random,1:1,H,100,100,normalized64,width,2,3,64,33.281250,24,32,18,0,0.01625061,12290061,8286801,12552205,8286801
random,1:1,H,100,100,normalized64,depth,-1,-1,192,47.666667,33,46,23,0,0.02327474,22249764,2714971,89358628,2714971
random,1:1,H,100,100,normalized64,depth,0,1,64,47.984375,34,46,23,0,0.02342987,22249764,2714971,89358628,2714971
random,1:1,H,100,100,normalized64,depth,1,2,64,48.031250,33,48,24,0,0.02345276,95796284,11012162,162905148,11012162
random,1:1,H,100,100,normalized64,depth,2,3,64,46.984375,32,46,23,0,0.02294159,156467492,2714971,223576356,2714971
random,1:1,H,100,100,normalized64,neck,-1,-1,192,10.281250,7,10,3,0,0.00502014,4522078,8221003,4522078,8221067
random,1:1,H,100,100,normalized64,neck,0,1,64,9.625000,7,9,4,0,0.00469971,5531723,7293973,5531723,7294037
random,1:1,H,100,100,normalized64,neck,1,2,64,10.078125,7,10,3,0,0.00492096,4522078,8221003,4522078,8221067
random,1:1,H,100,100,normalized64,neck,2,3,64,11.140625,7,11,4,0,0.00543976,93941238,16358809,93941238,16358873
random,1:1,H,100,100,normalized64,head,-1,-1,192,30.479167,21,30,12,0,0.01488241,12027917,8303185,12027917,8319569
random,1:1,H,100,100,normalized64,head,0,1,64,29.343750,21,29,16,0,0.01432800,10959657,6366215,10959657,6382599
random,1:1,H,100,100,normalized64,head,1,2,64,30.890625,21,31,14,0,0.01508331,5531723,7294101,5531723,7310485
random,1:1,H,100,100,normalized64,head,2,3,64,31.203125,21,30,12,0,0.01523590,12027917,8303185,12027917,8319569
random,1:1,H,100,100,normalized64,skew,-1,-1,384,22.190104,14,21,8,0,0.01083501,37107545,4740562,37107545,7099858
random,1:1,H,100,100,normalized64,skew,0,1,64,22.625000,14,20,11,0,0.01104736,26364675,1526338,26364675,3951170
random,1:1,H,100,100,normalized64,skew,1,2,64,21.687500,13,22,8,0,0.01058960,37107545,4740562,37107545,7099858
random,1:1,H,100,100,normalized64,skew,2,3,64,21.796875,15,21,13,0,0.01064301,224904485,6067906,224904485,8427202
random,1:1,H,100,100,normalized64,skew,3,4,64,22.484375,13,23,11,0,0.01097870,26364675,8735298,26364675,11160130
random,1:1,H,100,100,normalized64,skew,4,5,64,22.406250,15,22,10,0,0.01094055,5531723,9718933,5531723,12078229
random,1:1,H,100,100,normalized64,skew,5,6,64,22.140625,14,21,10,0,0.01081085,84240115,12385766,84240115,14745062
random,1:1,H,100,100,display64,center,-1,-1,384,37.169271,29,37,22,0,0.01814906,155099378,433408,155099954,433408
random,1:1,H,100,100,display64,center,0,1,64,37.421875,30,37,22,0,0.01827240,155099378,433408,155099954,433408
random,1:1,H,100,100,display64,center,1,2,64,36.843750,30,37,23,0,0.01799011,12026749,8286801,12027325,8286801
random,1:1,H,100,100,display64,center,2,3,64,37.046875,29,38,23,0,0.01808929,155100546,433408,155101122,433408
random,1:1,H,100,100,display64,center,3,4,64,37.500000,30,36,24,0,0.01831055,12027917,8286801,12028509,8286801
random,1:1,H,100,100,display64,center,4,5,64,37.000000,29,37,23,0,0.01806641,12028509,8286801,12029085,8286801
random,1:1,H,100,100,display64,center,5,6,64,37.203125,29,38,23,0,0.01816559,12029085,8286801,12029677,8286801
random,1:1,H,100,100,display64,width,-1,-1,192,14.291667,10,14,5,0,0.00697835,5531723,7294101,5793867,7294101
random,1:1,H,100,100,display64,width,0,1,64,14.062500,9,14,8,0,0.00686646,63044649,16676753,63306793,16676753
random,1:1,H,100,100,display64,width,1,2,64,14.734375,10,15,5,0,0.00719452,5531723,7294101,5793867,7294101
random,1:1,H,100,100,display64,width,2,3,64,14.078125,9,13,7,0,0.00687408,117090637,6391111,117352781,6391111
random,1:1,H,100,100,display64,depth,-1,-1,192,21.046875,14,20,9,0,0.01027679,156467492,2714971,223576356,2714971
random,1:1,H,100,100,display64,depth,0,1,64,21.000000,15,20,12,0,0.01025391,22249764,2714971,89358628,2714971
random,1:1,H,100,100,display64,depth,1,2,64,21.671875,14,22,10,0,0.01058197,72725788,6758493,139834652,6758493
random,1:1,H,100,100,display64,depth,2,3,64,20.468750,13,20,9,0,0.00999451,156467492,2714971,223576356,2714971
random,1:1,H,100,100,display64,neck,-1,-1,192,4.562500,2,5,0,4,0.00222778,232132182,9787663,232132182,9787727
random,1:1,H,100,100,display64,neck,0,1,64,4.390625,2,4,0,2,0.00214386,232132182,9787663,232132182,9787727
random,1:1,H,100,100,display64,neck,1,2,64,4.562500,2,5,0,1,0.00222778,232448497,8270940,232448497,8271004
random,1:1,H,100,100,display64,neck,2,3,64,4.734375,3,5,0,1,0.00231171,232132182,9787791,232132182,9787855
random,1:1,H,100,100,display64,head,-1,-1,192,13.510417,9,13,5,0,0.00659688,26364675,8751682,26364675,8768066
random,1:1,H,100,100,display64,head,0,1,64,13.671875,9,13,6,0,0.00667572,12027917,8270417,12027917,8286801
random,1:1,H,100,100,display64,head,1,2,64,12.703125,9,12,5,0,0.00620270,5531723,7294101,5531723,7310485
random,1:1,H,100,100,display64,head,2,3,64,14.156250,9,13,5,0,0.00691223,26364675,8751682,26364675,8768066
random,1:1,H,100,100,display64,skew,-1,-1,384,9.682292,6,9,4,0,0.00472768,5531723,4869269,5531723,7294101
random,1:1,H,100,100,display64,skew,0,1,64,9.703125,6,9,5,0,0.00473785,4522078,1012043,4522078,3436875
random,1:1,H,100,100,display64,skew,1,2,64,9.734375,5,9,5,0,0.00475311,34891939,4567350,34891939,6926646
random,1:1,H,100,100,display64,skew,2,3,64,9.265625,5,9,4,0,0.00452423,5531723,4869269,5531723,7294101
random,1:1,H,100,100,display64,skew,3,4,64,9.968750,6,10,4,0,0.00486755,147959293,7578331,147959293,9937627
random,1:1,H,100,100,display64,skew,4,5,64,9.562500,6,9,5,0,0.00466919,12027917,10711633,12027917,13070929
random,1:1,H,100,100,display64,skew,5,6,64,9.859375,6,9,4,0,0.00481415,155102882,12426496,155102882,14785792
random,1:1,H,100,100,display256,center,-1,-1,384,596.479167,497,590,394,0,0.01820310,155100546,433408,155101122,433408
random,1:1,H,100,100,display256,center,0,1,64,597.156250,494,588,395,0,0.01822376,155099378,433408,155099954,433408
random,1:1,H,100,100,display256,center,1,2,64,595.859375,499,591,401,0,0.01818419,155099954,433408,155100546,433408
random,1:1,H,100,100,display256,center,2,3,64,596.625000,493,595,394,0,0.01820755,155100546,433408,155101122,433408
random,1:1,H,100,100,display256,center,3,4,64,596.156250,499,590,402,0,0.01819324,155101122,433408,155101714,433408
random,1:1,H,100,100,display256,center,4,5,64,596.562500,500,591,395,0,0.01820564,155101714,433408,155102290,433408
random,1:1,H,100,100,display256,center,5,6,64,596.515625,494,593,400,0,0.01820421,155102290,433408,155102882,433408
random,1:1,H,100,100,display256,width,-1,-1,192,230.791667,172,224,133,0,0.00704320,42047699,16266523,42309843,16266523
random,1:1,H,100,100,display256,width,0,1,64,228.000000,172,224,133,0,0.00695801,42047699,16266523,42309843,16266523
random,1:1,H,100,100,display256,width,1,2,64,228.531250,169,227,135,0,0.00697422,42309843,16266523,42571987,16266523
random,1:1,H,100,100,display256,width,2,3,64,235.843750,177,223,136,0,0.00719738,42571987,16266523,42834131,16266523
random,1:1,H,100,100,display256,depth,-1,-1,192,336.901042,239,326,174,0,0.01028140,89358628,2714971,156467492,2714971
random,1:1,H,100,100,display256,depth,0,1,64,336.437500,234,330,177,0,0.01026726,5616924,6758493,72725788,6758493
random,1:1,H,100,100,display256,depth,1,2,64,337.046875,233,327,174,0,0.01028585,89358628,2714971,156467492,2714971
random,1:1,H,100,100,display256,depth,2,3,64,337.218750,240,326,179,0,0.01029110,162905148,11012162,230014012,11012162
random,1:1,H,100,100,display256,neck,-1,-1,192,72.468750,52,69,41,0,0.00221157,26364675,8735234,26364675,8735298
random,1:1,H,100,100,display256,neck,0,1,64,68.406250,48,66,41,0,0.00208759,26364675,8735234,26364675,8735298
random,1:1,H,100,100,display256,neck,1,2,64,72.140625,53,69,41,0,0.00220156,26364675,8735298,26364675,8735362
random,1:1,H,100,100,display256,neck,2,3,64,76.859375,56,75,45,0,0.00234556,26364675,8735362,26364675,8735426
random,1:1,H,100,100,display256,head,-1,-1,192,216.026042,159,211,125,0,0.00659259,26364675,8718914,26364675,8735298
random,1:1,H,100,100,display256,head,0,1,64,209.625000,160,211,125,0,0.00639725,26364675,8718914,26364675,8735298
random,1:1,H,100,100,display256,head,1,2,64,216.031250,155,212,130,0,0.00659275,26364675,8735298,26364675,8751682
random,1:1,H,100,100,display256,head,2,3,64,222.421875,159,207,126,0,0.00678778,26364675,8751682,26364675,8768066
random,1:1,H,100,100,display256,skew,-1,-1,384,156.393229,108,143,79,0,0.00477274,26364675,13519426,26364675,15944258
random,1:1,H,100,100,display256,skew,0,1,64,158.640625,108,143,80,0,0.00484133,26364675,1526338,26364675,3951170
random,1:1,H,100,100,display256,skew,1,2,64,156.468750,107,143,89,0,0.00477505,26364675,3951170,26364675,6310466
random,1:1,H,100,100,display256,skew,2,3,64,152.750000,112,141,87,0,0.00466156,5531723,4869269,5531723,7294101
random,1:1,H,100,100,display256,skew,3,4,64,157.765625,110,146,85,0,0.00481462,26364675,8735298,26364675,11160130
random,1:1,H,100,100,display256,skew,4,5,64,156.937500,110,144,87,0,0.00478935,5531723,9718933,5531723,12078229
random,1:1,H,100,100,display256,skew,5,6,64,155.796875,107,141,79,0,0.00475454,26364675,13519426,26364675,15944258
worst,1:1,H,100,100,normalized64,center,-1,-1,2304,66.776910,26,70,16,0,0.03260591,1047970,65280,1048562,65280
worst,1:1,H,100,100,normalized64,center,0,1,384,66.760417,26,70,18,0,0.03259786,1044482,65280,1045074,65280
worst,1:1,H,100,100,normalized64,center,1,2,384,67.046875,28,71,21,0,0.03273773,1045634,65450,1046226,65450
worst,1:1,H,100,100,normalized64,center,2,3,384,66.291667,26,70,19,0,0.03236898,1045666,65280,1046242,65280
worst,1:1,H,100,100,normalized64,center,3,4,384,66.955729,26,70,19,0,0.03269323,1046802,16776960,1047394,16776960
worst,1:1,H,100,100,normalized64,center,4,5,384,66.567708,28,70,21,0,0.03250376,1046834,65280,1047410,65280
worst,1:1,H,100,100,normalized64,center,5,6,384,67.039062,26,71,16,0,0.03273392,1047970,65280,1048562,65280
worst,1:1,H,100,100,normalized64,width,-1,-1,1152,43.676215,27,38,18,0,0.02132628,262133,16777215,524277,16777215
worst,1:1,H,100,100,normalized64,width,0,1,384,37.882812,28,38,18,0,0.01849747,262133,16777215,524277,16777215
worst,1:1,H,100,100,normalized64,width,1,2,384,45.549479,27,39,22,0,0.02224096,520195,16776960,782339,16776960
worst,1:1,H,100,100,normalized64,width,2,3,384,47.596354,27,38,20,0,0.02324041,782339,65280,1044483,65280
worst,1:1,H,100,100,normalized64,depth,-1,-1,1152,59.384549,41,58,33,0,0.02899636,68153348,16777130,135262212,16777130
worst,1:1,H,100,100,normalized64,depth,0,1,384,59.755208,41,57,35,0,0.02917735,45084676,16777215,112193540,16777215
worst,1:1,H,100,100,normalized64,depth,1,2,384,59.455729,39,59,33,0,0.02903112,68153348,16777130,135262212,16777130
worst,1:1,H,100,100,normalized64,depth,2,3,384,58.942708,41,59,35,0,0.02878062,179306484,16777215,246415348,16777215
worst,1:1,H,100,100,normalized64,neck,-1,-1,1152,14.085069,10,14,7,0,0.00687748,1048561,65343,1048561,65407
worst,1:1,H,100,100,normalized64,neck,0,1,384,12.877604,9,13,7,0,0.00628789,1048561,65343,1048561,65407
worst,1:1,H,100,100,normalized64,neck,1,2,384,14.343750,11,14,10,0,0.00700378,90177521,65407,90177521,65471
worst,1:1,H,100,100,normalized64,neck,2,3,384,15.033854,11,15,7,0,0.00734075,1048563,65408,1048563,65472
worst,1:1,H,100,100,normalized64,head,-1,-1,1152,42.047743,25,36,18,0,0.02053112,1044483,48896,1044483,65280
worst,1:1,H,100,100,normalized64,head,0,1,384,35.765625,26,36,19,0,0.01746368,1044485,16298,1044485,32682
worst,1:1,H,100,100,normalized64,head,1,2,384,44.020833,25,36,20,0,0.02149455,179302403,16744192,179302403,16760576
worst,1:1,H,100,100,normalized64,head,2,3,384,46.356771,25,36,18,0,0.02263514,1044483,48896,1044483,65280
worst,1:1,H,100,100,normalized64,skew,-1,-1,2304,32.736545,16,25,9,0,0.01598464,1044482,2424576,1044482,4783872
worst,1:1,H,100,100,normalized64,skew,0,1,384,33.986979,14,26,9,0,0.01659520,1044482,2424576,1044482,4783872
worst,1:1,H,100,100,normalized64,skew,1,2,384,32.651042,15,25,10,0,0.01594289,1044482,4783872,1044482,7208704
worst,1:1,H,100,100,normalized64,skew,2,3,384,31.476562,17,26,11,0,0.01536942,1044482,4915029,1044482,7274325
worst,1:1,H,100,100,normalized64,skew,3,4,384,31.682292,17,26,11,0,0.01546987,1048562,9568085,1048562,11992917
worst,1:1,H,100,100,normalized64,skew,4,5,384,32.315104,15,24,10,0,0.01577886,1048562,9699072,1048562,12058368
worst,1:1,H,100,100,normalized64,skew,5,6,384,34.307292,15,26,10,0,0.01675161,1048562,12058368,1048562,14483200
worst,1:1,H,100,100,display64,center,-1,-1,2304,29.385417,12,31,6,0,0.01434835,1046242,65365,1046834,65365
worst,1:1,H,100,100,display64,center,0,1,384,29.505208,12,31,8,0,0.01440684,1044482,65280,1045074,65280
worst,1:1,H,100,100,display64,center,1,2,384,29.500000,12,31,8,0,0.01440430,90174034,65280,90174626,65280
worst,1:1,H,100,100,display64,center,2,3,384,29.104167,12,31,6,0,0.01421102,1046226,16777045,1046802,16777045
worst,1:1,H,100,100,display64,center,3,4,384,29.283854,12,32,6,0,0.01429876,1046242,65365,1046834,65365
worst,1:1,H,100,100,display64,center,4,5,384,29.263021,12,31,8,0,0.01428858,90176354,16776960,90176930,16776960
worst,1:1,H,100,100,display64,center,5,6,384,29.656250,12,32,8,0,0.01448059,1047970,65535,1048562,65535
worst,1:1,H,100,100,display64,width,-1,-1,1152,18.909722,11,17,6,0,0.00923326,782339,16777045,1044483,16777045
worst,1:1,H,100,100,display64,width,0,1,384,16.661458,12,17,8,0,0.00813548,258053,65280,520197,65280
worst,1:1,H,100,100,display64,width,1,2,384,19.627604,11,17,7,0,0.00958379,178782195,65280,179044339,65280
worst,1:1,H,100,100,display64,width,2,3,384,20.440104,10,17,6,0,0.00998052,782339,16777045,1044483,16777045
worst,1:1,H,100,100,display64,depth,-1,-1,1152,26.128472,18,26,12,0,0.01275804,157282308,16777045,224391172,16777045
worst,1:1,H,100,100,display64,depth,0,1,384,25.403646,18,23,15,0,0.01240412,67104773,65535,134213637,65535
worst,1:1,H,100,100,display64,depth,1,2,384,27.023438,18,28,13,0,0.01319504,68153348,16777215,135262212,16777215
worst,1:1,H,100,100,display64,depth,2,3,384,25.958333,16,25,12,0,0.01267497,157282308,16777045,224391172,16777045
worst,1:1,H,100,100,display64,neck,-1,-1,1152,6.305556,4,6,2,0,0.00307888,1044483,16776960,1044483,16777024
worst,1:1,H,100,100,display64,neck,0,1,384,5.921875,4,6,2,0,0.00289154,1044483,16776960,1044483,16777024
worst,1:1,H,100,100,display64,neck,1,2,384,6.421875,5,6,4,0,0.00313568,179302403,65344,179302403,65408
worst,1:1,H,100,100,display64,neck,2,3,384,6.572917,5,7,3,0,0.00320943,1044481,65429,1044481,65493
worst,1:1,H,100,100,display64,head,-1,-1,1152,18.230035,11,16,5,0,0.00890138,179306483,32682,179306483,49066
worst,1:1,H,100,100,display64,head,0,1,384,15.750000,12,15,6,0,0.00769043,1044485,16383,1044485,32767
worst,1:1,H,100,100,display64,head,1,2,384,19.088542,11,16,5,0,0.00932058,179306483,32682,179306483,49066
worst,1:1,H,100,100,display64,head,2,3,384,19.851562,10,16,6,0,0.00969315,1044483,16760661,1044483,16777045
worst,1:1,H,100,100,display64,skew,-1,-1,2304,14.265625,6,11,3,0,0.00696564,1044482,4783872,1044482,7208704
worst,1:1,H,100,100,display64,skew,0,1,384,14.622396,6,11,4,0,0.00713984,179302401,65450,179302401,2490282
worst,1:1,H,100,100,display64,skew,1,2,384,14.359375,6,11,3,0,0.00701141,1044482,4783872,1044482,7208704
worst,1:1,H,100,100,display64,skew,2,3,384,13.783854,7,11,4,0,0.00673040,90173446,4915199,90173446,7274495
worst,1:1,H,100,100,display64,skew,3,4,384,13.869792,7,11,4,0,0.00677236,90177526,7274495,90177526,9699327
worst,1:1,H,100,100,display64,skew,4,5,384,14.138021,6,11,3,0,0.00690333,1048562,9699072,1048562,12058368
worst,1:1,H,100,100,display64,skew,5,6,384,14.820312,6,11,3,0,0.00723648,1048565,14352128,1048565,16776960
worst,1:1,H,100,100,display256,center,-1,-1,2304,470.319444,195,495,147,0,0.01435301,1045666,65365,1046242,65365
worst,1:1,H,100,100,display256,center,0,1,384,469.567708,195,497,151,0,0.01433007,1045058,65365,1045634,65365
worst,1:1,H,100,100,display256,center,1,2,384,471.971354,196,503,149,0,0.01440342,1045074,16777045,1045666,16777045
worst,1:1,H,100,100,display256,center,2,3,384,468.140625,193,495,147,0,0.01428652,1045666,65365,1046242,65365
worst,1:1,H,100,100,display256,center,3,4,384,472.473958,195,496,150,0,0.01441876,1046802,16777045,1047394,16777045
worst,1:1,H,100,100,display256,center,4,5,384,468.018229,195,500,149,0,0.01428278,1047394,65365,1047970,65365
worst,1:1,H,100,100,display256,center,5,6,384,471.744792,195,500,154,0,0.01439651,1047410,16777045,1048002,16777045
worst,1:1,H,100,100,display256,width,-1,-1,1152,306.576389,195,267,164,0,0.00935597,258053,65280,520197,65280
worst,1:1,H,100,100,display256,width,0,1,384,261.317708,196,261,164,0,0.00797478,258053,65280,520197,65280
worst,1:1,H,100,100,display256,width,1,2,384,321.200521,196,273,170,0,0.00980226,520197,65280,782341,65280
worst,1:1,H,100,100,display256,width,2,3,384,337.210938,195,273,166,0,0.01029086,786421,16776960,1048565,16776960
worst,1:1,H,100,100,display256,depth,-1,-1,1152,424.194444,292,438,262,0,0.01294539,90177524,65535,157286388,65535
worst,1:1,H,100,100,display256,depth,0,1,384,423.750000,290,441,264,0,0.01293182,1048564,65535,68157428,65535
worst,1:1,H,100,100,display256,depth,1,2,384,424.127604,291,438,262,0,0.01294335,90177524,65535,157286388,65535
worst,1:1,H,100,100,display256,depth,2,3,384,424.705729,294,438,275,0,0.01296099,179302404,65535,246411268,65535
worst,1:1,H,100,100,display256,neck,-1,-1,1152,98.936632,76,97,67,0,0.00301931,1044486,16776960,1044486,16777024
worst,1:1,H,100,100,display256,neck,0,1,384,93.070312,72,92,67,0,0.00284028,1044486,16776960,1044486,16777024
worst,1:1,H,100,100,display256,neck,1,2,384,98.710938,77,98,69,0,0.00301242,1044486,65365,1044486,65429
worst,1:1,H,100,100,display256,neck,2,3,384,105.028646,81,104,71,0,0.00320522,1048566,65408,1048566,65472
worst,1:1,H,100,100,display256,head,-1,-1,1152,295.133681,183,251,153,0,0.00900677,1044485,16128,1044485,32512
worst,1:1,H,100,100,display256,head,0,1,384,246.486979,182,245,153,0,0.00752219,1044485,16128,1044485,32512
worst,1:1,H,100,100,display256,head,1,2,384,311.020833,183,254,159,0,0.00949160,1048565,32512,1048565,48896
worst,1:1,H,100,100,display256,head,2,3,384,327.893229,183,259,160,0,0.01000651,1048565,16760576,1048565,16776960
worst,1:1,H,100,100,display256,skew,-1,-1,2304,230.059028,111,180,78,0,0.00702084,1044482,4914944,1044482,7274240
worst,1:1,H,100,100,display256,skew,0,1,384,238.226562,103,187,82,0,0.00727010,1044482,65280,1044482,2490112
worst,1:1,H,100,100,display256,skew,1,2,384,230.359375,108,176,82,0,0.00703001,1044482,4783872,1044482,7208704
worst,1:1,H,100,100,display256,skew,2,3,384,220.864583,126,179,78,0,0.00674025,1044482,4914944,1044482,7274240
worst,1:1,H,100,100,display256,skew,3,4,384,222.328125,127,178,78,0,0.00678492,1048562,9568000,1048562,11992832
worst,1:1,H,100,100,display256,skew,4,5,384,229.007812,107,176,81,0,0.00698876,1048566,11992832,1048566,14352128
worst,1:1,H,100,100,display256,skew,5,6,384,239.567708,104,188,81,0,0.00731103,1048562,14352128,1048562,16776960
random,1:1,V,100,100,normalized64,center,-1,-1,384,84.661458,69,83,54,0,0.04133860,155100546,433408,155101122,433408
random,1:1,V,100,100,normalized64,center,0,1,64,85.671875,70,85,61,0,0.04183197,117350445,6391111,117351021,6391111
random,1:1,V,100,100,normalized64,center,1,2,64,83.562500,69,82,55,0,0.04080200,155099954,433408,155100546,433408
random,1:1,V,100,100,normalized64,center,2,3,64,85.125000,71,86,54,0,0.04156494,155100546,433408,155101122,433408
random,1:1,V,100,100,normalized64,center,3,4,64,84.609375,69,86,54,0,0.04131317,155101122,433408,155101714,433408
random,1:1,V,100,100,normalized64,center,4,5,64,84.500000,68,82,57,0,0.04125977,12028509,8286801,12029085,8286801
random,1:1,V,100,100,normalized64,center,5,6,64,84.500000,67,82,56,0,0.04125977,155102290,433408,155102882,433408
random,1:1,V,100,100,normalized64,width,-1,-1,192,32.796875,25,32,16,0,0.01601410,5531723,7294101,5793867,7294101
random,1:1,V,100,100,normalized64,width,0,1,64,32.171875,25,32,16,0,0.01570892,42047699,16266523,42309843,16266523
random,1:1,V,100,100,normalized64,width,1,2,64,32.937500,25,32,16,0,0.01608276,5531723,7294101,5793867,7294101
random,1:1,V,100,100,normalized64,width,2,3,64,33.281250,24,32,18,0,0.01625061,12290061,8286801,12552205,8286801
random,1:1,V,100,100,normalized64,depth,-1,-1,192,47.666667,33,46,23,0,0.02327474,22249764,2714971,89358628,2714971
random,1:1,V,100,100,normalized64,depth,0,1,64,47.984375,34,46,23,0,0.02342987,22249764,2714971,89358628,2714971
random,1:1,V,100,100,normalized64,depth,1,2,64,48.031250,33,48,24,0,0.02345276,95796284,11012162,162905148,11012162
random,1:1,V,100,100,normalized64,depth,2,3,64,46.984375,32,46,23,0,0.02294159,156467492,2714971,223576356,2714971
random,1:1,V,100,100,normalized64,neck,-1,-1,192,10.281250,7,10,3,0,0.00502014,4522078,8221003,4522078,8221067
random,1:1,V,100,100,normalized64,neck,0,1,64,9.625000,7,9,4,0,0.00469971,5531723,7293973,5531723,7294037
random,1:1,V,100,100,normalized64,neck,1,2,64,10.078125,7,10,3,0,0.00492096,4522078,8221003,4522078,8221067
random,1:1,V,100,100,normalized64,neck,2,3,64,11.140625,7,11,4,0,0.00543976,93941238,16358809,93941238,16358873
random,1:1,V,100,100,normalized64,head,-1,-1,192,30.479167,21,30,12,0,0.01488241,12027917,8303185,12027917,8319569
random,1:1,V,100,100,normalized64,head,0,1,64,29.343750,21,29,16,0,0.01432800,10959657,6366215,10959657,6382599
random,1:1,V,100,100,normalized64,head,1,2,64,30.890625,21,31,14,0,0.01508331,5531723,7294101,5531723,7310485
random,1:1,V,100,100,normalized64,head,2,3,64,31.203125,21,30,12,0,0.01523590,12027917,8303185,12027917,8319569
random,1:1,V,100,100,normalized64,skew,-1,-1,384,22.190104,14,21,8,0,0.01083501,37107545,4740562,37107545,7099858
random,1:1,V,100,100,normalized64,skew,0,1,64,22.625000,14,20,11,0,0.01104736,26364675,1526338,26364675,3951170
random,1:1,V,100,100,normalized64,skew,1,2,64,21.687500,13,22,8,0,0.01058960,37107545,4740562,37107545,7099858
random,1:1,V,100,100,normalized64,skew,2,3,64,21.796875,15,21,13,0,0.01064301,224904485,6067906,224904485,8427202
random,1:1,V,100,100,normalized64,skew,3,4,64,22.484375,13,23,11,0,0.01097870,26364675,8735298,26364675,11160130
random,1:1,V,100,100,normalized64,skew,4,5,64,22.406250,15,22,10,0,0.01094055,5531723,9718933,5531723,12078229
random,1:1,V,100,100,normalized64,skew,5,6,64,22.140625,14,21,10,0,0.01081085,84240115,12385766,84240115,14745062
random,1:1,V,100,100,display64,center,-1,-1,384,37.169271,29,37,22,0,0.01814906,155099378,433408,155099954,433408
random,1:1,V,100,100,display64,center,0,1,64,37.421875,30,37,22,0,0.01827240,155099378,433408,155099954,433408
random,1:1,V,100,100,display64,center,1,2,64,36.843750,30,37,23,0,0.01799011,12026749,8286801,12027325,8286801
random,1:1,V,100,100,display64,center,2,3,64,37.046875,29,38,23,0,0.01808929,155100546,433408,155101122,433408
random,1:1,V,100,100,display64,center,3,4,64,37.500000,30,36,24,0,0.01831055,12027917,8286801,12028509,8286801
random,1:1,V,100,100,display64,center,4,5,64,37.000000,29,37,23,0,0.01806641,12028509,8286801,12029085,8286801
random,1:1,V,100,100,display64,center,5,6,64,37.203125,29,38,23,0,0.01816559,12029085,8286801,12029677,8286801
random,1:1,V,100,100,display64,width,-1,-1,192,14.291667,10,14,5,0,0.00697835,5531723,7294101,5793867,7294101
random,1:1,V,100,100,display64,width,0,1,64,14.062500,9,14,8,0,0.00686646,63044649,16676753,63306793,16676753
random,1:1,V,100,100,display64,width,1,2,64,14.734375,10,15,5,0,0.00719452,5531723,7294101,5793867,7294101
random,1:1,V,100,100,display64,width,2,3,64,14.078125,9,13,7,0,0.00687408,117090637,6391111,117352781,6391111
random,1:1,V,100,100,display64,depth,-1,-1,192,21.046875,14,20,9,0,0.01027679,156467492,2714971,223576356,2714971
random,1:1,V,100,100,display64,depth,0,1,64,21.000000,15,20,12,0,0.01025391,22249764,2714971,89358628,2714971
random,1:1,V,100,100,display64,depth,1,2,64,21.671875,14,22,10,0,0.01058197,72725788,6758493,139834652,6758493
random,1:1,V,100,100,display64,depth,2,3,64,20.468750,13,20,9,0,0.00999451,156467492,2714971,223576356,2714971
random,1:1,V,100,100,display64,neck,-1,-1,192,4.562500,2,5,0,4,0.00222778,232132182,9787663,232132182,9787727
random,1:1,V,100,100,display64,neck,0,1,64,4.390625,2,4,0,2,0.00214386,232132182,9787663,232132182,9787727
random,1:1,V,100,100,display64,neck,1,2,64,4.562500,2,5,0,1,0.00222778,232448497,8270940,232448497,8271004
random,1:1,V,100,100,display64,neck,2,3,64,4.734375,3,5,0,1,0.00231171,232132182,9787791,232132182,9787855
random,1:1,V,100,100,display64,head,-1,-1,192,13.510417,9,13,5,0,0.00659688,26364675,8751682,26364675,8768066
random,1:1,V,100,100,display64,head,0,1,64,13.671875,9,13,6,0,0.00667572,12027917,8270417,12027917,8286801
random,1:1,V,100,100,display64,head,1,2,64,12.703125,9,12,5,0,0.00620270,5531723,7294101,5531723,7310485
random,1:1,V,100,100,display64,head,2,3,64,14.156250,9,13,5,0,0.00691223,26364675,8751682,26364675,8768066
random,1:1,V,100,100,display64,skew,-1,-1,384,9.682292,6,9,4,0,0.00472768,5531723,4869269,5531723,7294101
random,1:1,V,100,100,display64,skew,0,1,64,9.703125,6,9,5,0,0.00473785,4522078,1012043,4522078,3436875
random,1:1,V,100,100,display64,skew,1,2,64,9.734375,5,9,5,0,0.00475311,34891939,4567350,34891939,6926646
random,1:1,V,100,100,display64,skew,2,3,64,9.265625,5,9,4,0,0.00452423,5531723,4869269,5531723,7294101
random,1:1,V,100,100,display64,skew,3,4,64,9.968750,6,10,4,0,0.00486755,147959293,7578331,147959293,9937627
random,1:1,V,100,100,display64,skew,4,5,64,9.562500,6,9,5,0,0.00466919,12027917,10711633,12027917,13070929
random,1:1,V,100,100,display64,skew,5,6,64,9.859375,6,9,4,0,0.00481415,155102882,12426496,155102882,14785792
random,1:1,V,100,100,display256,center,-1,-1,384,596.479167,497,590,394,0,0.01820310,155100546,433408,155101122,433408
random,1:1,V,100,100,display256,center,0,1,64,597.156250,494,588,395,0,0.01822376,155099378,433408,155099954,433408
random,1:1,V,100,100,display256,center,1,2,64,595.859375,499,591,401,0,0.01818419,155099954,433408,155100546,433408
random,1:1,V,100,100,display256,center,2,3,64,596.625000,493,595,394,0,0.01820755,155100546,433408,155101122,433408
random,1:1,V,100,100,display256,center,3,4,64,596.156250,499,590,402,0,0.01819324,155101122,433408,155101714,433408
random,1:1,V,100,100,display256,center,4,5,64,596.562500,500,591,395,0,0.01820564,155101714,433408,155102290,433408
random,1:1,V,100,100,display256,center,5,6,64,596.515625,494,593,400,0,0.01820421,155102290,433408,155102882,433408
random,1:1,V,100,100,display256,width,-1,-1,192,230.791667,172,224,133,0,0.00704320,42047699,16266523,42309843,16266523
random,1:1,V,100,100,display256,width,0,1,64,228.000000,172,224,133,0,0.00695801,42047699,16266523,42309843,16266523
random,1:1,V,100,100,display256,width,1,2,64,228.531250,169,227,135,0,0.00697422,42309843,16266523,42571987,16266523
random,1:1,V,100,100,display256,width,2,3,64,235.843750,177,223,136,0,0.00719738,42571987,16266523,42834131,16266523
random,1:1,V,100,100,display256,depth,-1,-1,192,336.901042,239,326,174,0,0.01028140,89358628,2714971,156467492,2714971
random,1:1,V,100,100,display256,depth,0,1,64,336.437500,234,330,177,0,0.01026726,5616924,6758493,72725788,6758493
random,1:1,V,100,100,display256,depth,1,2,64,337.046875,233,327,174,0,0.01028585,89358628,2714971,156467492,2714971
random,1:1,V,100,100,display256,depth,2,3,64,337.218750,240,326,179,0,0.01029110,162905148,11012162,230014012,11012162
random,1:1,V,100,100,display256,neck,-1,-1,192,72.468750,52,69,41,0,0.00221157,26364675,8735234,26364675,8735298
random,1:1,V,100,100,display256,neck,0,1,64,68.406250,48,66,41,0,0.00208759,26364675,8735234,26364675,8735298
random,1:1,V,100,100,display256,neck,1,2,64,72.140625,53,69,41,0,0.00220156,26364675,8735298,26364675,8735362
random,1:1,V,100,100,display256,neck,2,3,64,76.859375,56,75,45,0,0.00234556,26364675,8735362,26364675,8735426
random,1:1,V,100,100,display256,head,-1,-1,192,216.026042,159,211,125,0,0.00659259,26364675,8718914,26364675,8735298
random,1:1,V,100,100,display256,head,0,1,64,209.625000,160,211,125,0,0.00639725,26364675,8718914,26364675,8735298
random,1:1,V,100,100,display256,head,1,2,64,216.031250,155,212,130,0,0.00659275,26364675,8735298,26364675,8751682
random,1:1,V,100,100,display256,head,2,3,64,222.421875,159,207,126,0,0.00678778,26364675,8751682,26364675,8768066
random,1:1,V,100,100,display256,skew,-1,-1,384,156.393229,108,143,79,0,0.00477274,26364675,13519426,26364675,15944258
random,1:1,V,100,100,display256,skew,0,1,64,158.640625,108,143,80,0,0.00484133,26364675,1526338,26364675,3951170
random,1:1,V,100,100,display256,skew,1,2,64,156.468750,107,143,89,0,0.00477505,26364675,3951170,26364675,6310466
random,1:1,V,100,100,display256,skew,2,3,64,152.750000,112,141,87,0,0.00466156,5531723,4869269,5531723,7294101
random,1:1,V,100,100,display256,skew,3,4,64,157.765625,110,146,85,0,0.00481462,26364675,8735298,26364675,11160130
random,1:1,V,100,100,display256,skew,4,5,64,156.937500,110,144,87,0,0.00478935,5531723,9718933,5531723,12078229
random,1:1,V,100,100,display256,skew,5,6,64,155.796875,107,141,79,0,0.00475454,26364675,13519426,26364675,15944258
worst,1:1,V,100,100,normalized64,center,-1,-1,2304,66.776910,26,70,16,0,0.03260591,1047970,65280,1048562,65280
worst,1:1,V,100,100,normalized64,center,0,1,384,66.760417,26,70,18,0,0.03259786,1044482,65280,1045074,65280
worst,1:1,V,100,100,normalized64,center,1,2,384,67.046875,28,71,21,0,0.03273773,1045634,65450,1046226,65450
worst,1:1,V,100,100,normalized64,center,2,3,384,66.291667,26,70,19,0,0.03236898,1045666,65280,1046242,65280
worst,1:1,V,100,100,normalized64,center,3,4,384,66.955729,26,70,19,0,0.03269323,1046802,16776960,1047394,16776960
worst,1:1,V,100,100,normalized64,center,4,5,384,66.567708,28,70,21,0,0.03250376,1046834,65280,1047410,65280
worst,1:1,V,100,100,normalized64,center,5,6,384,67.039062,26,71,16,0,0.03273392,1047970,65280,1048562,65280
worst,1:1,V,100,100,normalized64,width,-1,-1,1152,43.676215,27,38,18,0,0.02132628,262133,16777215,524277,16777215
worst,1:1,V,100,100,normalized64,width,0,1,384,37.882812,28,38,18,0,0.01849747,262133,16777215,524277,16777215
worst,1:1,V,100,100,normalized64,width,1,2,384,45.549479,27,39,22,0,0.02224096,520195,16776960,782339,16776960
worst,1:1,V,100,100,normalized64,width,2,3,384,47.596354,27,38,20,0,0.02324041,782339,65280,1044483,65280
worst,1:1,V,100,100,normalized64,depth,-1,-1,1152,59.384549,41,58,33,0,0.02899636,68153348,16777130,135262212,16777130
worst,1:1,V,100,100,normalized64,depth,0,1,384,59.755208,41,57,35,0,0.02917735,45084676,16777215,112193540,16777215
worst,1:1,V,100,100,normalized64,depth,1,2,384,59.455729,39,59,33,0,0.02903112,68153348,16777130,135262212,16777130
worst,1:1,V,100,100,normalized64,depth,2,3,384,58.942708,41,59,35,0,0.02878062,179306484,16777215,246415348,16777215
worst,1:1,V,100,100,normalized64,neck,-1,-1,1152,14.085069,10,14,7,0,0.00687748,1048561,65343,1048561,65407
worst,1:1,V,100,100,normalized64,neck,0,1,384,12.877604,9,13,7,0,0.00628789,1048561,65343,1048561,65407
worst,1:1,V,100,100,normalized64,neck,1,2,384,14.343750,11,14,10,0,0.00700378,90177521,65407,90177521,65471
worst,1:1,V,100,100,normalized64,neck,2,3,384,15.033854,11,15,7,0,0.00734075,1048563,65408,1048563,65472
worst,1:1,V,100,100,normalized64,head,-1,-1,1152,42.047743,25,36,18,0,0.02053112,1044483,48896,1044483,65280
worst,1:1,V,100,100,normalized64,head,0,1,384,35.765625,26,36,19,0,0.01746368,1044485,16298,1044485,32682
worst,1:1,V,100,100,normalized64,head,1,2,384,44.020833,25,36,20,0,0.02149455,179302403,16744192,179302403,16760576
worst,1:1,V,100,100,normalized64,head,2,3,384,46.356771,25,36,18,0,0.02263514,1044483,48896,1044483,65280
worst,1:1,V,100,100,normalized64,skew,-1,-1,2304,32.736545,16,25,9,0,0.01598464,1044482,2424576,1044482,4783872
worst,1:1,V,100,100,normalized64,skew,0,1,384,33.986979,14,26,9,0,0.01659520,1044482,2424576,1044482,4783872
worst,1:1,V,100,100,normalized64,skew,1,2,384,32.651042,15,25,10,0,0.01594289,1044482,4783872,1044482,7208704
worst,1:1,V,100,100,normalized64,skew,2,3,384,31.476562,17,26,11,0,0.01536942,1044482,4915029,1044482,7274325
worst,1:1,V,100,100,normalized64,skew,3,4,384,31.682292,17,26,11,0,0.01546987,1048562,9568085,1048562,11992917
worst,1:1,V,100,100,normalized64,skew,4,5,384,32.315104,15,24,10,0,0.01577886,1048562,9699072,1048562,12058368
worst,1:1,V,100,100,normalized64,skew,5,6,384,34.307292,15,26,10,0,0.01675161,1048562,12058368,1048562,14483200
worst,1:1,V,100,100,display64,center,-1,-1,2304,29.385417,12,31,6,0,0.01434835,1046242,65365,1046834,65365
worst,1:1,V,100,100,display64,center,0,1,384,29.505208,12,31,8,0,0.01440684,1044482,65280,1045074,65280
worst,1:1,V,100,100,display64,center,1,2,384,29.500000,12,31,8,0,0.01440430,90174034,65280,90174626,65280
worst,1:1,V,100,100,display64,center,2,3,384,29.104167,12,31,6,0,0.01421102,1046226,16777045,1046802,16777045
worst,1:1,V,100,100,display64,center,3,4,384,29.283854,12,32,6,0,0.01429876,1046242,65365,1046834,65365
worst,1:1,V,100,100,display64,center,4,5,384,29.263021,12,31,8,0,0.01428858,90176354,16776960,90176930,16776960
worst,1:1,V,100,100,display64,center,5,6,384,29.656250,12,32,8,0,0.01448059,1047970,65535,1048562,65535
worst,1:1,V,100,100,display64,width,-1,-1,1152,18.909722,11,17,6,0,0.00923326,782339,16777045,1044483,16777045
worst,1:1,V,100,100,display64,width,0,1,384,16.661458,12,17,8,0,0.00813548,258053,65280,520197,65280
worst,1:1,V,100,100,display64,width,1,2,384,19.627604,11,17,7,0,0.00958379,178782195,65280,179044339,65280
worst,1:1,V,100,100,display64,width,2,3,384,20.440104,10,17,6,0,0.00998052,782339,16777045,1044483,16777045
worst,1:1,V,100,100,display64,depth,-1,-1,1152,26.128472,18,26,12,0,0.01275804,157282308,16777045,224391172,16777045
worst,1:1,V,100,100,display64,depth,0,1,384,25.403646,18,23,15,0,0.01240412,67104773,65535,134213637,65535
worst,1:1,V,100,100,display64,depth,1,2,384,27.023438,18,28,13,0,0.01319504,68153348,16777215,135262212,16777215
worst,1:1,V,100,100,display64,depth,2,3,384,25.958333,16,25,12,0,0.01267497,157282308,16777045,224391172,16777045
worst,1:1,V,100,100,display64,neck,-1,-1,1152,6.305556,4,6,2,0,0.00307888,1044483,16776960,1044483,16777024
worst,1:1,V,100,100,display64,neck,0,1,384,5.921875,4,6,2,0,0.00289154,1044483,16776960,1044483,16777024
worst,1:1,V,100,100,display64,neck,1,2,384,6.421875,5,6,4,0,0.00313568,179302403,65344,179302403,65408
worst,1:1,V,100,100,display64,neck,2,3,384,6.572917,5,7,3,0,0.00320943,1044481,65429,1044481,65493
worst,1:1,V,100,100,display64,head,-1,-1,1152,18.230035,11,16,5,0,0.00890138,179306483,32682,179306483,49066
worst,1:1,V,100,100,display64,head,0,1,384,15.750000,12,15,6,0,0.00769043,1044485,16383,1044485,32767
worst,1:1,V,100,100,display64,head,1,2,384,19.088542,11,16,5,0,0.00932058,179306483,32682,179306483,49066
worst,1:1,V,100,100,display64,head,2,3,384,19.851562,10,16,6,0,0.00969315,1044483,16760661,1044483,16777045
worst,1:1,V,100,100,display64,skew,-1,-1,2304,14.265625,6,11,3,0,0.00696564,1044482,4783872,1044482,7208704
worst,1:1,V,100,100,display64,skew,0,1,384,14.622396,6,11,4,0,0.00713984,179302401,65450,179302401,2490282
worst,1:1,V,100,100,display64,skew,1,2,384,14.359375,6,11,3,0,0.00701141,1044482,4783872,1044482,7208704
worst,1:1,V,100,100,display64,skew,2,3,384,13.783854,7,11,4,0,0.00673040,90173446,4915199,90173446,7274495
worst,1:1,V,100,100,display64,skew,3,4,384,13.869792,7,11,4,0,0.00677236,90177526,7274495,90177526,9699327
worst,1:1,V,100,100,display64,skew,4,5,384,14.138021,6,11,3,0,0.00690333,1048562,9699072,1048562,12058368
worst,1:1,V,100,100,display64,skew,5,6,384,14.820312,6,11,3,0,0.00723648,1048565,14352128,1048565,16776960
worst,1:1,V,100,100,display256,center,-1,-1,2304,470.319444,195,495,147,0,0.01435301,1045666,65365,1046242,65365
worst,1:1,V,100,100,display256,center,0,1,384,469.567708,195,497,151,0,0.01433007,1045058,65365,1045634,65365
worst,1:1,V,100,100,display256,center,1,2,384,471.971354,196,503,149,0,0.01440342,1045074,16777045,1045666,16777045
worst,1:1,V,100,100,display256,center,2,3,384,468.140625,193,495,147,0,0.01428652,1045666,65365,1046242,65365
worst,1:1,V,100,100,display256,center,3,4,384,472.473958,195,496,150,0,0.01441876,1046802,16777045,1047394,16777045
worst,1:1,V,100,100,display256,center,4,5,384,468.018229,195,500,149,0,0.01428278,1047394,65365,1047970,65365
worst,1:1,V,100,100,display256,center,5,6,384,471.744792,195,500,154,0,0.01439651,1047410,16777045,1048002,16777045
worst,1:1,V,100,100,display256,width,-1,-1,1152,306.576389,195,267,164,0,0.00935597,258053,65280,520197,65280
worst,1:1,V,100,100,display256,width,0,1,384,261.317708,196,261,164,0,0.00797478,258053,65280,520197,65280
worst,1:1,V,100,100,display256,width,1,2,384,321.200521,196,273,170,0,0.00980226,520197,65280,782341,65280
worst,1:1,V,100,100,display256,width,2,3,384,337.210938,195,273,166,0,0.01029086,786421,16776960,1048565,16776960
worst,1:1,V,100,100,display256,depth,-1,-1,1152,424.194444,292,438,262,0,0.01294539,90177524,65535,157286388,65535
worst,1:1,V,100,100,display256,depth,0,1,384,423.750000,290,441,264,0,0.01293182,1048564,65535,68157428,65535
worst,1:1,V,100,100,display256,depth,1,2,384,424.127604,291,438,262,0,0.01294335,90177524,65535,157286388,65535
worst,1:1,V,100,100,display256,depth,2,3,384,424.705729,294,438,275,0,0.01296099,179302404,65535,246411268,65535
worst,1:1,V,100,100,display256,neck,-1,-1,1152,98.936632,76,97,67,0,0.00301931,1044486,16776960,1044486,16777024
worst,1:1,V,100,100,display256,neck,0,1,384,93.070312,72,92,67,0,0.00284028,1044486,16776960,1044486,16777024
worst,1:1,V,100,100,display256,neck,1,2,384,98.710938,77,98,69,0,0.00301242,1044486,65365,1044486,65429
worst,1:1,V,100,100,display256,neck,2,3,384,105.028646,81,104,71,0,0.00320522,1048566,65408,1048566,65472
worst,1:1,V,100,100,display256,head,-1,-1,1152,295.133681,183,251,153,0,0.00900677,1044485,16128,1044485,32512
worst,1:1,V,100,100,display256,head,0,1,384,246.486979,182,245,153,0,0.00752219,1044485,16128,1044485,32512
worst,1:1,V,100,100,display256,head,1,2,384,311.020833,183,254,159,0,0.00949160,1048565,32512,1048565,48896
worst,1:1,V,100,100,display256,head,2,3,384,327.893229,183,259,160,0,0.01000651,1048565,16760576,1048565,16776960
worst,1:1,V,100,100,display256,skew,-1,-1,2304,230.059028,111,180,78,0,0.00702084,1044482,4914944,1044482,7274240
worst,1:1,V,100,100,display256,skew,0,1,384,238.226562,103,187,82,0,0.00727010,1044482,65280,1044482,2490112
worst,1:1,V,100,100,display256,skew,1,2,384,230.359375,108,176,82,0,0.00703001,1044482,4783872,1044482,7208704
worst,1:1,V,100,100,display256,skew,2,3,384,220.864583,126,179,78,0,0.00674025,1044482,4914944,1044482,7274240
worst,1:1,V,100,100,display256,skew,3,4,384,222.328125,127,178,78,0,0.00678492,1048562,9568000,1048562,11992832
worst,1:1,V,100,100,display256,skew,4,5,384,229.007812,107,176,81,0,0.00698876,1048566,11992832,1048566,14352128
worst,1:1,V,100,100,display256,skew,5,6,384,239.567708,104,188,81,0,0.00731103,1048562,14352128,1048562,16776960
random,2:1,H,200,100,normalized64,center,-1,-1,384,84.684896,69,83,54,0,0.04135005,155100546,433408,155101122,433408
random,2:1,H,200,100,normalized64,center,0,1,64,85.703125,70,85,61,0,0.04184723,117350445,6391111,117351021,6391111
random,2:1,H,200,100,normalized64,center,1,2,64,83.671875,69,82,55,0,0.04085541,155099954,433408,155100546,433408
random,2:1,H,200,100,normalized64,center,2,3,64,84.953125,70,84,54,0,0.04148102,155100546,433408,155101122,433408
random,2:1,H,200,100,normalized64,center,3,4,64,84.687500,68,86,54,0,0.04135132,155101122,433408,155101714,433408
random,2:1,H,200,100,normalized64,center,4,5,64,84.500000,68,82,57,0,0.04125977,12028509,8286801,12029085,8286801
random,2:1,H,200,100,normalized64,center,5,6,64,84.593750,67,83,55,0,0.04130554,155102290,433408,155102882,433408
random,2:1,H,200,100,normalized64,width,-1,-1,192,32.755208,24,32,16,0,0.01599375,42047699,16266523,42309843,16266523
random,2:1,H,200,100,normalized64,width,0,1,64,32.031250,24,32,16,0,0.01564026,42047699,16266523,42309843,16266523
random,2:1,H,200,100,normalized64,width,1,2,64,32.796875,24,32,17,0,0.01601410,5531723,7294101,5793867,7294101
random,2:1,H,200,100,normalized64,width,2,3,64,33.437500,24,32,20,0,0.01632690,12290061,8286801,12552205,8286801
random,2:1,H,200,100,normalized64,depth,-1,-1,192,47.817708,33,46,24,0,0.02334849,5616924,6758493,72725788,6758493
random,2:1,H,200,100,normalized64,depth,0,1,64,48.078125,34,46,24,0,0.02347565,5616924,6758493,72725788,6758493
random,2:1,H,200,100,normalized64,depth,1,2,64,48.187500,33,48,24,0,0.02352905,95796284,11012162,162905148,11012162
random,2:1,H,200,100,normalized64,depth,2,3,64,47.187500,33,46,24,0,0.02304077,162905148,11012162,230014012,11012162
random,2:1,H,200,100,normalized64,neck,-1,-1,192,10.333333,7,10,4,0,0.00504557,176308518,15286136,176308518,15286200
random,2:1,H,200,100,normalized64,neck,0,1,64,9.625000,7,9,5,0,0.00469971,236142270,8171532,236142270,8171596
random,2:1,H,200,100,normalized64,neck,1,2,64,9.906250,6,10,4,0,0.00483704,176308518,15286136,176308518,15286200
random,2:1,H,200,100,normalized64,neck,2,3,64,11.468750,7,11,6,0,0.00559998,220291286,14262205,220291286,14262269
random,2:1,H,200,100,normalized64,head,-1,-1,192,30.406250,21,30,14,0,0.01484680,12027917,8303185,12027917,8319569
random,2:1,H,200,100,normalized64,head,0,1,64,29.453125,21,30,16,0,0.01438141,10959657,6366215,10959657,6382599
random,2:1,H,200,100,normalized64,head,1,2,64,30.765625,20,30,15,0,0.01502228,5531723,7294101,5531723,7310485
random,2:1,H,200,100,normalized64,head,2,3,64,31.000000,21,30,14,0,0.01513672,12027917,8303185,12027917,8319569
random,2:1,H,200,100,normalized64,skew,-1,-1,384,22.255208,14,21,8,0,0.01086680,37107545,4740562,37107545,7099858
random,2:1,H,200,100,normalized64,skew,0,1,64,22.875000,15,20,11,0,0.01116943,26364675,1526338,26364675,3951170
random,2:1,H,200,100,normalized64,skew,1,2,64,21.578125,13,21,8,0,0.01053619,37107545,4740562,37107545,7099858
random,2:1,H,200,100,normalized64,skew,2,3,64,22.000000,15,21,13,0,0.01074219,224904485,6067906,224904485,8427202
random,2:1,H,200,100,normalized64,skew,3,4,64,22.359375,13,22,10,0,0.01091766,88446753,7361622,88446753,9720918
random,2:1,H,200,100,normalized64,skew,4,5,64,22.437500,15,22,10,0,0.01095581,5531723,9718933,5531723,12078229
random,2:1,H,200,100,normalized64,skew,5,6,64,22.281250,14,21,10,0,0.01087952,84240115,12385766,84240115,14745062
random,2:1,H,200,100,display64,center,-1,-1,384,18.789062,15,19,11,0,0.00917435,117351021,6391111,117351613,6391111
random,2:1,H,200,100,display64,center,0,1,64,18.578125,15,18,12,0,0.00907135,89935946,11257031,89936538,11257031
random,2:1,H,200,100,display64,center,1,2,64,19.093750,15,19,11,0,0.00932312,117351021,6391111,117351613,6391111
random,2:1,H,200,100,display64,center,2,3,64,18.609375,15,18,12,0,0.00908661,130733357,832263,130733949,832263
random,2:1,H,200,100,display64,center,3,4,64,18.656250,15,19,12,0,0.00910950,12027917,8286801,12028509,8286801
random,2:1,H,200,100,display64,center,4,5,64,18.843750,15,18,13,0,0.00920105,117352781,6391111,117353373,6391111
random,2:1,H,200,100,display64,center,5,6,64,18.953125,15,19,13,0,0.00925446,12029085,8286801,12029677,8286801
random,2:1,H,200,100,display64,width,-1,-1,192,7.296875,5,7,2,0,0.00356293,14151691,6674332,14413835,6674332
random,2:1,H,200,100,display64,width,0,1,64,7.281250,5,7,2,0,0.00355530,26364675,8735298,26626819,8735298
random,2:1,H,200,100,display64,width,1,2,64,7.125000,4,7,2,0,0.00347900,14151691,6674332,14413835,6674332
random,2:1,H,200,100,display64,width,2,3,64,7.484375,5,7,3,0,0.00365448,5793867,7294101,6056011,7294101
random,2:1,H,200,100,display64,depth,-1,-1,192,10.057292,5,10,3,0,0.00491079,72725788,6758493,139834652,6758493
random,2:1,H,200,100,display64,depth,0,1,64,9.484375,5,8,4,0,0.00463104,12027917,8286801,79136781,8286801
random,2:1,H,200,100,display64,depth,1,2,64,10.640625,5,11,3,0,0.00519562,72725788,6758493,139834652,6758493
random,2:1,H,200,100,display64,depth,2,3,64,10.046875,5,10,4,0,0.00490570,139749451,7294101,206858315,7294101
random,2:1,H,200,100,display64,neck,-1,-1,192,2.375000,1,2,0,6,0.00115967,34891939,14135606,34891939,14135670
random,2:1,H,200,100,display64,neck,0,1,64,2.234375,1,2,0,2,0.00109100,34891939,14135606,34891939,14135670
random,2:1,H,200,100,display64,neck,1,2,64,2.281250,1,2,0,3,0.00111389,26364675,8735298,26364675,8735362
random,2:1,H,200,100,display64,neck,2,3,64,2.609375,1,3,0,1,0.00127411,10959657,6399111,10959657,6399175
random,2:1,H,200,100,display64,head,-1,-1,192,6.697917,4,7,1,0,0.00327047,34891939,14102838,34891939,14119222
random,2:1,H,200,100,display64,head,0,1,64,6.562500,5,6,1,0,0.00320435,34891939,14102838,34891939,14119222
random,2:1,H,200,100,display64,head,1,2,64,6.734375,4,7,1,0,0.00328827,26364675,8735298,26364675,8751682
random,2:1,H,200,100,display64,head,2,3,64,6.796875,4,7,1,0,0.00331879,14413835,6657948,14413835,6674332
random,2:1,H,200,100,display64,skew,-1,-1,384,4.916667,3,5,0,2,0.00240072,206943516,1974365,206943516,4333661
random,2:1,H,200,100,display64,skew,0,1,64,4.906250,2,5,0,1,0.00239563,206943516,1974365,206943516,4333661
random,2:1,H,200,100,display64,skew,1,2,64,5.031250,3,5,2,0,0.00245667,147959293,2794203,147959293,5153499
random,2:1,H,200,100,display64,skew,2,3,64,4.703125,3,5,0,1,0.00229645,206943516,6758493,206943516,9183325
random,2:1,H,200,100,display64,skew,3,4,64,5.125000,3,5,2,0,0.00250244,63568937,9467793,63568937,11892625
random,2:1,H,200,100,display64,skew,4,5,64,4.671875,3,5,2,0,0.00228119,206943516,11542621,206943516,13967453
random,2:1,H,200,100,display64,skew,5,6,64,5.062500,3,4,1,0,0.00247192,71487982,12352487,71487982,14711783
random,2:1,H,200,100,display256,center,-1,-1,384,297.046875,244,295,197,0,0.00906515,155101714,433408,155102290,433408
random,2:1,H,200,100,display256,center,0,1,64,297.578125,245,297,198,0,0.00908136,155099378,433408,155099954,433408
random,2:1,H,200,100,display256,center,1,2,64,296.937500,245,296,199,0,0.00906181,155099954,433408,155100546,433408
random,2:1,H,200,100,display256,center,2,3,64,296.609375,243,298,198,0,0.00905180,12027325,8286801,12027917,8286801
random,2:1,H,200,100,display256,center,3,4,64,296.265625,243,295,199,0,0.00904131,155101122,433408,155101714,433408
random,2:1,H,200,100,display256,center,4,5,64,297.250000,246,297,197,0,0.00907135,155101714,433408,155102290,433408
random,2:1,H,200,100,display256,center,5,6,64,297.640625,247,297,203,0,0.00908327,155102290,433408,155102882,433408
random,2:1,H,200,100,display256,width,-1,-1,192,115.244792,85,113,66,0,0.00351699,42309843,16266523,42571987,16266523
random,2:1,H,200,100,display256,width,0,1,64,113.953125,85,115,68,0,0.00347757,42047699,16266523,42309843,16266523
random,2:1,H,200,100,display256,width,1,2,64,114.250000,86,113,66,0,0.00348663,42309843,16266523,42571987,16266523
random,2:1,H,200,100,display256,width,2,3,64,117.531250,85,113,69,0,0.00358677,42571987,16266523,42834131,16266523
random,2:1,H,200,100,display256,depth,-1,-1,192,169.578125,119,165,82,0,0.00517511,139834652,6758493,206943516,6758493
random,2:1,H,200,100,display256,depth,0,1,64,169.828125,116,166,91,0,0.00518274,22249764,2714971,89358628,2714971
random,2:1,H,200,100,display256,depth,1,2,64,168.265625,113,162,85,0,0.00513506,95796284,11012162,162905148,11012162
random,2:1,H,200,100,display256,depth,2,3,64,170.640625,121,168,82,0,0.00520754,139834652,6758493,206943516,6758493
random,2:1,H,200,100,display256,neck,-1,-1,192,36.427083,27,35,20,0,0.00111167,26364675,8735234,26364675,8735298
random,2:1,H,200,100,display256,neck,0,1,64,34.640625,27,33,20,0,0.00105715,26364675,8735234,26364675,8735298
random,2:1,H,200,100,display256,neck,1,2,64,36.000000,25,35,21,0,0.00109863,26364675,8735298,26364675,8735362
random,2:1,H,200,100,display256,neck,2,3,64,38.640625,29,36,22,0,0.00117922,26364675,8735362,26364675,8735426
random,2:1,H,200,100,display256,head,-1,-1,192,108.177083,78,106,62,0,0.00330130,26364675,8718914,26364675,8735298
random,2:1,H,200,100,display256,head,0,1,64,105.062500,78,106,62,0,0.00320625,26364675,8718914,26364675,8735298
random,2:1,H,200,100,display256,head,1,2,64,108.078125,79,105,63,0,0.00329828,26364675,8735298,26364675,8751682
random,2:1,H,200,100,display256,head,2,3,64,111.390625,78,106,63,0,0.00339937,26364675,8751682,26364675,8768066
random,2:1,H,200,100,display256,skew,-1,-1,384,77.908854,53,70,40,0,0.00237759,26364675,1526338,26364675,3951170
random,2:1,H,200,100,display256,skew,0,1,64,79.234375,53,69,40,0,0.00241804,26364675,1526338,26364675,3951170
random,2:1,H,200,100,display256,skew,1,2,64,78.468750,53,72,43,0,0.00239468,5531723,2509973,5531723,4869269
random,2:1,H,200,100,display256,skew,2,3,64,75.578125,52,69,41,0,0.00230646,26364675,6310466,26364675,8735298
random,2:1,H,200,100,display256,skew,3,4,64,78.531250,51,74,41,0,0.00239658,26364675,8735298,26364675,11160130
random,2:1,H,200,100,display256,skew,4,5,64,77.984375,53,68,43,0,0.00237989,26364675,11160130,26364675,13519426
random,2:1,H,200,100,display256,skew,5,6,64,77.656250,51,71,41,0,0.00236988,26364675,13519426,26364675,15944258
worst,2:1,H,200,100,normalized64,center,-1,-1,2304,66.792969,27,70,17,0,0.03261375,1047970,65280,1048562,65280
worst,2:1,H,200,100,normalized64,center,0,1,384,66.794271,26,71,18,0,0.03261439,1044482,65280,1045074,65280
worst,2:1,H,200,100,normalized64,center,1,2,384,66.979167,28,71,21,0,0.03270467,1045634,65450,1046226,65450
worst,2:1,H,200,100,normalized64,center,2,3,384,66.377604,26,70,19,0,0.03241094,1045666,65280,1046242,65280
worst,2:1,H,200,100,normalized64,center,3,4,384,67.005208,26,71,19,0,0.03271739,1046802,16776960,1047394,16776960
worst,2:1,H,200,100,normalized64,center,4,5,384,66.486979,28,70,21,0,0.03246435,1046834,65280,1047410,65280
worst,2:1,H,200,100,normalized64,center,5,6,384,67.114583,26,71,17,0,0.03277079,1047970,65280,1048562,65280
worst,2:1,H,200,100,normalized64,width,-1,-1,1152,43.676215,27,38,18,0,0.02132628,258053,65535,520197,65535
worst,2:1,H,200,100,normalized64,width,0,1,384,37.789062,28,38,18,0,0.01845169,258053,65535,520197,65535
worst,2:1,H,200,100,normalized64,width,1,2,384,45.463542,27,39,22,0,0.02219899,524275,65450,786419,65450
worst,2:1,H,200,100,normalized64,width,2,3,384,47.776042,27,38,20,0,0.02332815,782339,65280,1044483,65280
worst,2:1,H,200,100,normalized64,depth,-1,-1,1152,59.473090,41,58,32,0,0.02903959,68153348,16777130,135262212,16777130
worst,2:1,H,200,100,normalized64,depth,0,1,384,59.778646,41,57,33,0,0.02918879,67104772,16777215,134213636,16777215
worst,2:1,H,200,100,normalized64,depth,1,2,384,59.494792,39,59,32,0,0.02905019,68153348,16777130,135262212,16777130
worst,2:1,H,200,100,normalized64,depth,2,3,384,59.145833,41,60,35,0,0.02887980,179306484,16777215,246415348,16777215
worst,2:1,H,200,100,normalized64,neck,-1,-1,1152,13.993924,10,14,7,0,0.00683297,1044483,16777088,1044483,16777152
worst,2:1,H,200,100,normalized64,neck,0,1,384,12.861979,9,13,8,0,0.00628026,1048561,65343,1048561,65407
worst,2:1,H,200,100,normalized64,neck,1,2,384,14.385417,11,14,8,0,0.00702413,1044486,65344,1044486,65408
worst,2:1,H,200,100,normalized64,neck,2,3,384,14.734375,11,15,7,0,0.00719452,1044483,16777088,1044483,16777152
worst,2:1,H,200,100,normalized64,head,-1,-1,1152,42.058160,26,36,18,0,0.02053621,1044483,48896,1044483,65280
worst,2:1,H,200,100,normalized64,head,0,1,384,35.710938,26,36,18,0,0.01743698,1044485,16298,1044485,32682
worst,2:1,H,200,100,normalized64,head,1,2,384,43.960938,26,37,21,0,0.02146530,179306483,32512,179306483,48896
worst,2:1,H,200,100,normalized64,head,2,3,384,46.502604,26,36,18,0,0.02270635,1044483,48896,1044483,65280
worst,2:1,H,200,100,normalized64,skew,-1,-1,2304,32.780816,16,25,10,0,0.01600626,1044482,2424576,1044482,4783872
worst,2:1,H,200,100,normalized64,skew,0,1,384,34.036458,14,26,10,0,0.01661936,1044482,2424576,1044482,4783872
worst,2:1,H,200,100,normalized64,skew,1,2,384,32.776042,15,25,11,0,0.01600393,1044486,2490197,1044486,4915029
worst,2:1,H,200,100,normalized64,skew,2,3,384,31.424479,17,26,11,0,0.01534398,1044482,4915029,1044482,7274325
worst,2:1,H,200,100,normalized64,skew,3,4,384,31.643229,17,25,11,0,0.01545080,1048562,9568085,1048562,11992917
worst,2:1,H,200,100,normalized64,skew,4,5,384,32.427083,15,24,11,0,0.01583354,1048562,9699072,1048562,12058368
worst,2:1,H,200,100,normalized64,skew,5,6,384,34.377604,15,26,10,0,0.01678594,1048562,12058368,1048562,14483200
worst,2:1,H,200,100,display64,center,-1,-1,2304,14.720486,6,16,3,0,0.00718774,1045074,65450,1045666,65450
worst,2:1,H,200,100,display64,center,0,1,384,14.856771,6,16,3,0,0.00725428,179302402,16777045,179302994,16777045
worst,2:1,H,200,100,display64,center,1,2,384,14.601562,6,15,3,0,0.00712967,1045074,65450,1045666,65450
worst,2:1,H,200,100,display64,center,2,3,384,14.632812,6,15,3,0,0.00714493,179303586,65535,179304162,65535
worst,2:1,H,200,100,display64,center,3,4,384,14.815104,6,16,3,0,0.00723394,1046242,65450,1046834,65450
worst,2:1,H,200,100,display64,center,4,5,384,14.497396,6,15,3,0,0.00707881,90176354,65280,90176930,65280
worst,2:1,H,200,100,display64,center,5,6,384,14.919271,6,16,3,0,0.00728480,179305890,65365,179306482,65365
worst,2:1,H,200,100,display64,width,-1,-1,1152,9.636285,6,8,3,0,0.00470522,89911299,65365,90173443,65365
worst,2:1,H,200,100,display64,width,0,1,384,8.171875,5,8,3,0,0.00399017,258053,65280,520197,65280
worst,2:1,H,200,100,display64,width,1,2,384,10.010417,6,8,3,0,0.00488790,267907077,65280,268169221,65280
worst,2:1,H,200,100,display64,width,2,3,384,10.726562,6,8,3,0,0.00523758,89911299,65365,90173443,65365
worst,2:1,H,200,100,display64,depth,-1,-1,1152,12.563368,6,12,2,0,0.00613446,134213636,16776960,201322500,16776960
worst,2:1,H,200,100,display64,depth,0,1,384,12.098958,7,10,6,0,0.00590769,67104772,65535,134213636,65535
worst,2:1,H,200,100,display64,depth,1,2,384,13.937500,5,14,2,0,0.00680542,134213636,16776960,201322500,16776960
worst,2:1,H,200,100,display64,depth,2,3,384,11.653646,6,12,3,0,0.00569026,201322499,65535,268431363,65535
worst,2:1,H,200,100,display64,neck,-1,-1,1152,3.181424,2,3,1,0,0.00155343,1044481,65280,1044481,65344
worst,2:1,H,200,100,display64,neck,0,1,384,3.036458,2,3,1,0,0.00148265,1044481,65280,1044481,65344
worst,2:1,H,200,100,display64,neck,1,2,384,3.197917,2,3,1,0,0.00156148,1044481,16777087,1044481,16777151
worst,2:1,H,200,100,display64,neck,2,3,384,3.309896,2,3,1,0,0.00161616,1044483,16777088,1044483,16777152
worst,2:1,H,200,100,display64,head,-1,-1,1152,9.341146,5,8,3,0,0.00456111,90173443,48981,90173443,65365
worst,2:1,H,200,100,display64,head,0,1,384,7.796875,5,8,3,0,0.00380707,1044485,16128,1044485,32512
worst,2:1,H,200,100,display64,head,1,2,384,9.726562,5,8,3,0,0.00474930,90173443,16744277,90173443,16760661
worst,2:1,H,200,100,display64,head,2,3,384,10.500000,5,8,3,0,0.00512695,90173443,48981,90173443,65365
worst,2:1,H,200,100,display64,skew,-1,-1,2304,7.252170,3,6,0,3,0.00354110,1044486,4915029,1044486,7274325
worst,2:1,H,200,100,display64,skew,0,1,384,7.468750,3,6,1,0,0.00364685,1044486,65450,1044486,2490282
worst,2:1,H,200,100,display64,skew,1,2,384,7.322917,3,5,1,0,0.00357564,1044483,2490367,1044483,4915199
worst,2:1,H,200,100,display64,skew,2,3,384,6.945312,3,6,0,2,0.00339127,1044486,4915029,1044486,7274325
worst,2:1,H,200,100,display64,skew,3,4,384,6.958333,3,6,0,1,0.00339762,1048566,9568085,1048566,11992917
worst,2:1,H,200,100,display64,skew,4,5,384,7.283854,3,5,1,0,0.00355657,1048563,11993087,1048563,14352383
worst,2:1,H,200,100,display64,skew,5,6,384,7.533854,3,6,1,0,0.00367864,179306486,12058453,179306486,14483285
worst,2:1,H,200,100,display256,center,-1,-1,2304,234.482205,96,246,73,0,0.00715583,1046226,16776960,1046802,16776960
worst,2:1,H,200,100,display256,center,0,1,384,234.502604,96,247,74,0,0.00715645,1044482,16776960,1045074,16776960
worst,2:1,H,200,100,display256,center,1,2,384,235.179688,96,249,76,0,0.00717711,1045074,65365,1045666,65365
worst,2:1,H,200,100,display256,center,2,3,384,233.221354,94,246,73,0,0.00711735,1046226,16776960,1046802,16776960
worst,2:1,H,200,100,display256,center,3,4,384,235.119792,95,247,75,0,0.00717529,1046802,65450,1047394,65450
worst,2:1,H,200,100,display256,center,4,5,384,233.239583,96,245,76,0,0.00711791,1046834,16776960,1047410,16776960
worst,2:1,H,200,100,display256,center,5,6,384,235.630208,96,249,75,0,0.00719086,1047410,65365,1048002,65365
worst,2:1,H,200,100,display256,width,-1,-1,1152,152.994792,98,134,79,0,0.00466903,520197,16776960,782341,16776960
worst,2:1,H,200,100,display256,width,0,1,384,130.937500,98,131,83,0,0.00399590,262131,16776960,524275,16776960
worst,2:1,H,200,100,display256,width,1,2,384,160.098958,98,135,79,0,0.00488583,520197,16776960,782341,16776960
worst,2:1,H,200,100,display256,width,2,3,384,167.947917,98,138,87,0,0.00512536,782341,65280,1044485,65280
worst,2:1,H,200,100,display256,depth,-1,-1,1152,212.968750,147,217,128,0,0.00649929,112193540,65535,179302404,65535
worst,2:1,H,200,100,display256,depth,0,1,384,213.104167,149,217,128,0,0.00650342,67108852,16777215,134217716,16777215
worst,2:1,H,200,100,display256,depth,1,2,384,211.825521,141,217,128,0,0.00646440,112193540,65535,179302404,65535
worst,2:1,H,200,100,display256,depth,2,3,384,213.976562,153,218,128,0,0.00653005,135266292,65535,202375156,65535
worst,2:1,H,200,100,display256,neck,-1,-1,1152,49.520833,38,49,31,0,0.00151126,1044486,16776960,1044486,16777024
worst,2:1,H,200,100,display256,neck,0,1,384,46.757812,36,46,31,0,0.00142694,1044486,16776960,1044486,16777024
worst,2:1,H,200,100,display256,neck,1,2,384,49.062500,38,48,33,0,0.00149727,1044483,65344,1044483,65408
worst,2:1,H,200,100,display256,neck,2,3,384,52.742188,41,53,35,0,0.00160956,1044486,65450,1044486,65514
worst,2:1,H,200,100,display256,head,-1,-1,1152,147.409722,92,126,77,0,0.00449859,1044485,16744192,1044485,16760576
worst,2:1,H,200,100,display256,head,0,1,384,123.458333,92,122,79,0,0.00376765,1048563,16727808,1048563,16744192
worst,2:1,H,200,100,display256,head,1,2,384,155.549479,92,126,77,0,0.00474699,1044485,16744192,1044485,16760576
worst,2:1,H,200,100,display256,head,2,3,384,163.221354,91,131,81,0,0.00498112,1044483,48981,1044483,65365
worst,2:1,H,200,100,display256,skew,-1,-1,2304,114.663628,56,88,39,0,0.00349926,1044482,4914944,1044482,7274240
worst,2:1,H,200,100,display256,skew,0,1,384,119.023438,52,92,40,0,0.00363231,1044485,65535,1044485,2490367
worst,2:1,H,200,100,display256,skew,1,2,384,114.424479,53,88,39,0,0.00349196,1044486,2490197,1044486,4915029
worst,2:1,H,200,100,display256,skew,2,3,384,110.328125,64,88,39,0,0.00336695,1044482,4914944,1044482,7274240
worst,2:1,H,200,100,display256,skew,3,4,384,111.223958,65,88,39,0,0.00339429,1048562,9568000,1048562,11992832
worst,2:1,H,200,100,display256,skew,4,5,384,113.588542,52,87,39,0,0.00346645,1048566,9699157,1048566,12058453
worst,2:1,H,200,100,display256,skew,5,6,384,119.393229,52,92,41,0,0.00364359,1048566,14352128,1048566,16776960
random,2:1,V,100,100,normalized64,center,-1,-1,384,84.661458,69,83,54,0,0.04133860,155100546,433408,155101122,433408
random,2:1,V,100,100,normalized64,center,0,1,64,85.671875,70,85,61,0,0.04183197,117350445,6391111,117351021,6391111
random,2:1,V,100,100,normalized64,center,1,2,64,83.562500,69,82,55,0,0.04080200,155099954,433408,155100546,433408
random,2:1,V,100,100,normalized64,center,2,3,64,85.125000,71,86,54,0,0.04156494,155100546,433408,155101122,433408
random,2:1,V,100,100,normalized64,center,3,4,64,84.609375,69,86,54,0,0.04131317,155101122,433408,155101714,433408
random,2:1,V,100,100,normalized64,center,4,5,64,84.500000,68,82,57,0,0.04125977,12028509,8286801,12029085,8286801
random,2:1,V,100,100,normalized64,center,5,6,64,84.500000,67,82,56,0,0.04125977,155102290,433408,155102882,433408
random,2:1,V,100,100,normalized64,width,-1,-1,192,32.796875,25,32,16,0,0.01601410,5531723,7294101,5793867,7294101
random,2:1,V,100,100,normalized64,width,0,1,64,32.171875,25,32,16,0,0.01570892,42047699,16266523,42309843,16266523
random,2:1,V,100,100,normalized64,width,1,2,64,32.937500,25,32,16,0,0.01608276,5531723,7294101,5793867,7294101
random,2:1,V,100,100,normalized64,width,2,3,64,33.281250,24,32,18,0,0.01625061,12290061,8286801,12552205,8286801
random,2:1,V,100,100,normalized64,depth,-1,-1,192,47.666667,33,46,23,0,0.02327474,22249764,2714971,89358628,2714971
random,2:1,V,100,100,normalized64,depth,0,1,64,47.984375,34,46,23,0,0.02342987,22249764,2714971,89358628,2714971
random,2:1,V,100,100,normalized64,depth,1,2,64,48.031250,33,48,24,0,0.02345276,95796284,11012162,162905148,11012162
random,2:1,V,100,100,normalized64,depth,2,3,64,46.984375,32,46,23,0,0.02294159,156467492,2714971,223576356,2714971
random,2:1,V,100,100,normalized64,neck,-1,-1,192,10.281250,7,10,3,0,0.00502014,4522078,8221003,4522078,8221067
random,2:1,V,100,100,normalized64,neck,0,1,64,9.625000,7,9,4,0,0.00469971,5531723,7293973,5531723,7294037
random,2:1,V,100,100,normalized64,neck,1,2,64,10.078125,7,10,3,0,0.00492096,4522078,8221003,4522078,8221067
random,2:1,V,100,100,normalized64,neck,2,3,64,11.140625,7,11,4,0,0.00543976,93941238,16358809,93941238,16358873
random,2:1,V,100,100,normalized64,head,-1,-1,192,30.479167,21,30,12,0,0.01488241,12027917,8303185,12027917,8319569
random,2:1,V,100,100,normalized64,head,0,1,64,29.343750,21,29,16,0,0.01432800,10959657,6366215,10959657,6382599
random,2:1,V,100,100,normalized64,head,1,2,64,30.890625,21,31,14,0,0.01508331,5531723,7294101,5531723,7310485
random,2:1,V,100,100,normalized64,head,2,3,64,31.203125,21,30,12,0,0.01523590,12027917,8303185,12027917,8319569
random,2:1,V,100,100,normalized64,skew,-1,-1,384,22.190104,14,21,8,0,0.01083501,37107545,4740562,37107545,7099858
random,2:1,V,100,100,normalized64,skew,0,1,64,22.625000,14,20,11,0,0.01104736,26364675,1526338,26364675,3951170
random,2:1,V,100,100,normalized64,skew,1,2,64,21.687500,13,22,8,0,0.01058960,37107545,4740562,37107545,7099858
random,2:1,V,100,100,normalized64,skew,2,3,64,21.796875,15,21,13,0,0.01064301,224904485,6067906,224904485,8427202
random,2:1,V,100,100,normalized64,skew,3,4,64,22.484375,13,23,11,0,0.01097870,26364675,8735298,26364675,11160130
random,2:1,V,100,100,normalized64,skew,4,5,64,22.406250,15,22,10,0,0.01094055,5531723,9718933,5531723,12078229
random,2:1,V,100,100,normalized64,skew,5,6,64,22.140625,14,21,10,0,0.01081085,84240115,12385766,84240115,14745062
random,2:1,V,100,100,display64,center,-1,-1,384,37.169271,29,37,22,0,0.01814906,155099378,433408,155099954,433408
random,2:1,V,100,100,display64,center,0,1,64,37.421875,30,37,22,0,0.01827240,155099378,433408,155099954,433408
random,2:1,V,100,100,display64,center,1,2,64,36.843750,30,37,23,0,0.01799011,12026749,8286801,12027325,8286801
random,2:1,V,100,100,display64,center,2,3,64,37.046875,29,38,23,0,0.01808929,155100546,433408,155101122,433408
random,2:1,V,100,100,display64,center,3,4,64,37.500000,30,36,24,0,0.01831055,12027917,8286801,12028509,8286801
random,2:1,V,100,100,display64,center,4,5,64,37.000000,29,37,23,0,0.01806641,12028509,8286801,12029085,8286801
random,2:1,V,100,100,display64,center,5,6,64,37.203125,29,38,23,0,0.01816559,12029085,8286801,12029677,8286801
random,2:1,V,100,100,display64,width,-1,-1,192,14.291667,10,14,5,0,0.00697835,5531723,7294101,5793867,7294101
random,2:1,V,100,100,display64,width,0,1,64,14.062500,9,14,8,0,0.00686646,63044649,16676753,63306793,16676753
random,2:1,V,100,100,display64,width,1,2,64,14.734375,10,15,5,0,0.00719452,5531723,7294101,5793867,7294101
random,2:1,V,100,100,display64,width,2,3,64,14.078125,9,13,7,0,0.00687408,117090637,6391111,117352781,6391111
random,2:1,V,100,100,display64,depth,-1,-1,192,21.046875,14,20,9,0,0.01027679,156467492,2714971,223576356,2714971
random,2:1,V,100,100,display64,depth,0,1,64,21.000000,15,20,12,0,0.01025391,22249764,2714971,89358628,2714971
random,2:1,V,100,100,display64,depth,1,2,64,21.671875,14,22,10,0,0.01058197,72725788,6758493,139834652,6758493
random,2:1,V,100,100,display64,depth,2,3,64,20.468750,13,20,9,0,0.00999451,156467492,2714971,223576356,2714971
random,2:1,V,100,100,display64,neck,-1,-1,192,4.562500,2,5,0,4,0.00222778,232132182,9787663,232132182,9787727
random,2:1,V,100,100,display64,neck,0,1,64,4.390625,2,4,0,2,0.00214386,232132182,9787663,232132182,9787727
random,2:1,V,100,100,display64,neck,1,2,64,4.562500,2,5,0,1,0.00222778,232448497,8270940,232448497,8271004
random,2:1,V,100,100,display64,neck,2,3,64,4.734375,3,5,0,1,0.00231171,232132182,9787791,232132182,9787855
random,2:1,V,100,100,display64,head,-1,-1,192,13.510417,9,13,5,0,0.00659688,26364675,8751682,26364675,8768066
random,2:1,V,100,100,display64,head,0,1,64,13.671875,9,13,6,0,0.00667572,12027917,8270417,12027917,8286801
random,2:1,V,100,100,display64,head,1,2,64,12.703125,9,12,5,0,0.00620270,5531723,7294101,5531723,7310485
random,2:1,V,100,100,display64,head,2,3,64,14.156250,9,13,5,0,0.00691223,26364675,8751682,26364675,8768066
random,2:1,V,100,100,display64,skew,-1,-1,384,9.682292,6,9,4,0,0.00472768,5531723,4869269,5531723,7294101
random,2:1,V,100,100,display64,skew,0,1,64,9.703125,6,9,5,0,0.00473785,4522078,1012043,4522078,3436875
random,2:1,V,100,100,display64,skew,1,2,64,9.734375,5,9,5,0,0.00475311,34891939,4567350,34891939,6926646
random,2:1,V,100,100,display64,skew,2,3,64,9.265625,5,9,4,0,0.00452423,5531723,4869269,5531723,7294101
random,2:1,V,100,100,display64,skew,3,4,64,9.968750,6,10,4,0,0.00486755,147959293,7578331,147959293,9937627
random,2:1,V,100,100,display64,skew,4,5,64,9.562500,6,9,5,0,0.00466919,12027917,10711633,12027917,13070929
random,2:1,V,100,100,display64,skew,5,6,64,9.859375,6,9,4,0,0.00481415,155102882,12426496,155102882,14785792
random,2:1,V,100,100,display256,center,-1,-1,384,596.479167,497,590,394,0,0.01820310,155100546,433408,155101122,433408
random,2:1,V,100,100,display256,center,0,1,64,597.156250,494,588,395,0,0.01822376,155099378,433408,155099954,433408
random,2:1,V,100,100,display256,center,1,2,64,595.859375,499,591,401,0,0.01818419,155099954,433408,155100546,433408
random,2:1,V,100,100,display256,center,2,3,64,596.625000,493,595,394,0,0.01820755,155100546,433408,155101122,433408
random,2:1,V,100,100,display256,center,3,4,64,596.156250,499,590,402,0,0.01819324,155101122,433408,155101714,433408
random,2:1,V,100,100,display256,center,4,5,64,596.562500,500,591,395,0,0.01820564,155101714,433408,155102290,433408
random,2:1,V,100,100,display256,center,5,6,64,596.515625,494,593,400,0,0.01820421,155102290,433408,155102882,433408
random,2:1,V,100,100,display256,width,-1,-1,192,230.791667,172,224,133,0,0.00704320,42047699,16266523,42309843,16266523
random,2:1,V,100,100,display256,width,0,1,64,228.000000,172,224,133,0,0.00695801,42047699,16266523,42309843,16266523
random,2:1,V,100,100,display256,width,1,2,64,228.531250,169,227,135,0,0.00697422,42309843,16266523,42571987,16266523
random,2:1,V,100,100,display256,width,2,3,64,235.843750,177,223,136,0,0.00719738,42571987,16266523,42834131,16266523
random,2:1,V,100,100,display256,depth,-1,-1,192,336.901042,239,326,174,0,0.01028140,89358628,2714971,156467492,2714971
random,2:1,V,100,100,display256,depth,0,1,64,336.437500,234,330,177,0,0.01026726,5616924,6758493,72725788,6758493
random,2:1,V,100,100,display256,depth,1,2,64,337.046875,233,327,174,0,0.01028585,89358628,2714971,156467492,2714971
random,2:1,V,100,100,display256,depth,2,3,64,337.218750,240,326,179,0,0.01029110,162905148,11012162,230014012,11012162
random,2:1,V,100,100,display256,neck,-1,-1,192,72.468750,52,69,41,0,0.00221157,26364675,8735234,26364675,8735298
random,2:1,V,100,100,display256,neck,0,1,64,68.406250,48,66,41,0,0.00208759,26364675,8735234,26364675,8735298
random,2:1,V,100,100,display256,neck,1,2,64,72.140625,53,69,41,0,0.00220156,26364675,8735298,26364675,8735362
random,2:1,V,100,100,display256,neck,2,3,64,76.859375,56,75,45,0,0.00234556,26364675,8735362,26364675,8735426
random,2:1,V,100,100,display256,head,-1,-1,192,216.026042,159,211,125,0,0.00659259,26364675,8718914,26364675,8735298
random,2:1,V,100,100,display256,head,0,1,64,209.625000,160,211,125,0,0.00639725,26364675,8718914,26364675,8735298
random,2:1,V,100,100,display256,head,1,2,64,216.031250,155,212,130,0,0.00659275,26364675,8735298,26364675,8751682
random,2:1,V,100,100,display256,head,2,3,64,222.421875,159,207,126,0,0.00678778,26364675,8751682,26364675,8768066
random,2:1,V,100,100,display256,skew,-1,-1,384,156.393229,108,143,79,0,0.00477274,26364675,13519426,26364675,15944258
random,2:1,V,100,100,display256,skew,0,1,64,158.640625,108,143,80,0,0.00484133,26364675,1526338,26364675,3951170
random,2:1,V,100,100,display256,skew,1,2,64,156.468750,107,143,89,0,0.00477505,26364675,3951170,26364675,6310466
random,2:1,V,100,100,display256,skew,2,3,64,152.750000,112,141,87,0,0.00466156,5531723,4869269,5531723,7294101
random,2:1,V,100,100,display256,skew,3,4,64,157.765625,110,146,85,0,0.00481462,26364675,8735298,26364675,11160130
random,2:1,V,100,100,display256,skew,4,5,64,156.937500,110,144,87,0,0.00478935,5531723,9718933,5531723,12078229
random,2:1,V,100,100,display256,skew,5,6,64,155.796875,107,141,79,0,0.00475454,26364675,13519426,26364675,15944258
worst,2:1,V,100,100,normalized64,center,-1,-1,2304,66.776910,26,70,16,0,0.03260591,1047970,65280,1048562,65280
worst,2:1,V,100,100,normalized64,center,0,1,384,66.760417,26,70,18,0,0.03259786,1044482,65280,1045074,65280
worst,2:1,V,100,100,normalized64,center,1,2,384,67.046875,28,71,21,0,0.03273773,1045634,65450,1046226,65450
worst,2:1,V,100,100,normalized64,center,2,3,384,66.291667,26,70,19,0,0.03236898,1045666,65280,1046242,65280
worst,2:1,V,100,100,normalized64,center,3,4,384,66.955729,26,70,19,0,0.03269323,1046802,16776960,1047394,16776960
worst,2:1,V,100,100,normalized64,center,4,5,384,66.567708,28,70,21,0,0.03250376,1046834,65280,1047410,65280
worst,2:1,V,100,100,normalized64,center,5,6,384,67.039062,26,71,16,0,0.03273392,1047970,65280,1048562,65280
worst,2:1,V,100,100,normalized64,width,-1,-1,1152,43.676215,27,38,18,0,0.02132628,262133,16777215,524277,16777215
worst,2:1,V,100,100,normalized64,width,0,1,384,37.882812,28,38,18,0,0.01849747,262133,16777215,524277,16777215
worst,2:1,V,100,100,normalized64,width,1,2,384,45.549479,27,39,22,0,0.02224096,520195,16776960,782339,16776960
worst,2:1,V,100,100,normalized64,width,2,3,384,47.596354,27,38,20,0,0.02324041,782339,65280,1044483,65280
worst,2:1,V,100,100,normalized64,depth,-1,-1,1152,59.384549,41,58,33,0,0.02899636,68153348,16777130,135262212,16777130
worst,2:1,V,100,100,normalized64,depth,0,1,384,59.755208,41,57,35,0,0.02917735,45084676,16777215,112193540,16777215
worst,2:1,V,100,100,normalized64,depth,1,2,384,59.455729,39,59,33,0,0.02903112,68153348,16777130,135262212,16777130
worst,2:1,V,100,100,normalized64,depth,2,3,384,58.942708,41,59,35,0,0.02878062,179306484,16777215,246415348,16777215
worst,2:1,V,100,100,normalized64,neck,-1,-1,1152,14.085069,10,14,7,0,0.00687748,1048561,65343,1048561,65407
worst,2:1,V,100,100,normalized64,neck,0,1,384,12.877604,9,13,7,0,0.00628789,1048561,65343,1048561,65407
worst,2:1,V,100,100,normalized64,neck,1,2,384,14.343750,11,14,10,0,0.00700378,90177521,65407,90177521,65471
worst,2:1,V,100,100,normalized64,neck,2,3,384,15.033854,11,15,7,0,0.00734075,1048563,65408,1048563,65472
worst,2:1,V,100,100,normalized64,head,-1,-1,1152,42.047743,25,36,18,0,0.02053112,1044483,48896,1044483,65280
worst,2:1,V,100,100,normalized64,head,0,1,384,35.765625,26,36,19,0,0.01746368,1044485,16298,1044485,32682
worst,2:1,V,100,100,normalized64,head,1,2,384,44.020833,25,36,20,0,0.02149455,179302403,16744192,179302403,16760576
worst,2:1,V,100,100,normalized64,head,2,3,384,46.356771,25,36,18,0,0.02263514,1044483,48896,1044483,65280
worst,2:1,V,100,100,normalized64,skew,-1,-1,2304,32.736545,16,25,9,0,0.01598464,1044482,2424576,1044482,4783872
worst,2:1,V,100,100,normalized64,skew,0,1,384,33.986979,14,26,9,0,0.01659520,1044482,2424576,1044482,4783872
worst,2:1,V,100,100,normalized64,skew,1,2,384,32.651042,15,25,10,0,0.01594289,1044482,4783872,1044482,7208704
worst,2:1,V,100,100,normalized64,skew,2,3,384,31.476562,17,26,11,0,0.01536942,1044482,4915029,1044482,7274325
worst,2:1,V,100,100,normalized64,skew,3,4,384,31.682292,17,26,11,0,0.01546987,1048562,9568085,1048562,11992917
worst,2:1,V,100,100,normalized64,skew,4,5,384,32.315104,15,24,10,0,0.01577886,1048562,9699072,1048562,12058368
worst,2:1,V,100,100,normalized64,skew,5,6,384,34.307292,15,26,10,0,0.01675161,1048562,12058368,1048562,14483200
worst,2:1,V,100,100,display64,center,-1,-1,2304,29.385417,12,31,6,0,0.01434835,1046242,65365,1046834,65365
worst,2:1,V,100,100,display64,center,0,1,384,29.505208,12,31,8,0,0.01440684,1044482,65280,1045074,65280
worst,2:1,V,100,100,display64,center,1,2,384,29.500000,12,31,8,0,0.01440430,90174034,65280,90174626,65280
worst,2:1,V,100,100,display64,center,2,3,384,29.104167,12,31,6,0,0.01421102,1046226,16777045,1046802,16777045
worst,2:1,V,100,100,display64,center,3,4,384,29.283854,12,32,6,0,0.01429876,1046242,65365,1046834,65365
worst,2:1,V,100,100,display64,center,4,5,384,29.263021,12,31,8,0,0.01428858,90176354,16776960,90176930,16776960
worst,2:1,V,100,100,display64,center,5,6,384,29.656250,12,32,8,0,0.01448059,1047970,65535,1048562,65535
worst,2:1,V,100,100,display64,width,-1,-1,1152,18.909722,11,17,6,0,0.00923326,782339,16777045,1044483,16777045
worst,2:1,V,100,100,display64,width,0,1,384,16.661458,12,17,8,0,0.00813548,258053,65280,520197,65280
worst,2:1,V,100,100,display64,width,1,2,384,19.627604,11,17,7,0,0.00958379,178782195,65280,179044339,65280
worst,2:1,V,100,100,display64,width,2,3,384,20.440104,10,17,6,0,0.00998052,782339,16777045,1044483,16777045
worst,2:1,V,100,100,display64,depth,-1,-1,1152,26.128472,18,26,12,0,0.01275804,157282308,16777045,224391172,16777045
worst,2:1,V,100,100,display64,depth,0,1,384,25.403646,18,23,15,0,0.01240412,67104773,65535,134213637,65535
worst,2:1,V,100,100,display64,depth,1,2,384,27.023438,18,28,13,0,0.01319504,68153348,16777215,135262212,16777215
worst,2:1,V,100,100,display64,depth,2,3,384,25.958333,16,25,12,0,0.01267497,157282308,16777045,224391172,16777045
worst,2:1,V,100,100,display64,neck,-1,-1,1152,6.305556,4,6,2,0,0.00307888,1044483,16776960,1044483,16777024
worst,2:1,V,100,100,display64,neck,0,1,384,5.921875,4,6,2,0,0.00289154,1044483,16776960,1044483,16777024
worst,2:1,V,100,100,display64,neck,1,2,384,6.421875,5,6,4,0,0.00313568,179302403,65344,179302403,65408
worst,2:1,V,100,100,display64,neck,2,3,384,6.572917,5,7,3,0,0.00320943,1044481,65429,1044481,65493
worst,2:1,V,100,100,display64,head,-1,-1,1152,18.230035,11,16,5,0,0.00890138,179306483,32682,179306483,49066
worst,2:1,V,100,100,display64,head,0,1,384,15.750000,12,15,6,0,0.00769043,1044485,16383,1044485,32767
worst,2:1,V,100,100,display64,head,1,2,384,19.088542,11,16,5,0,0.00932058,179306483,32682,179306483,49066
worst,2:1,V,100,100,display64,head,2,3,384,19.851562,10,16,6,0,0.00969315,1044483,16760661,1044483,16777045
worst,2:1,V,100,100,display64,skew,-1,-1,2304,14.265625,6,11,3,0,0.00696564,1044482,4783872,1044482,7208704
worst,2:1,V,100,100,display64,skew,0,1,384,14.622396,6,11,4,0,0.00713984,179302401,65450,179302401,2490282
worst,2:1,V,100,100,display64,skew,1,2,384,14.359375,6,11,3,0,0.00701141,1044482,4783872,1044482,7208704
worst,2:1,V,100,100,display64,skew,2,3,384,13.783854,7,11,4,0,0.00673040,90173446,4915199,90173446,7274495
worst,2:1,V,100,100,display64,skew,3,4,384,13.869792,7,11,4,0,0.00677236,90177526,7274495,90177526,9699327
worst,2:1,V,100,100,display64,skew,4,5,384,14.138021,6,11,3,0,0.00690333,1048562,9699072,1048562,12058368
worst,2:1,V,100,100,display64,skew,5,6,384,14.820312,6,11,3,0,0.00723648,1048565,14352128,1048565,16776960
worst,2:1,V,100,100,display256,center,-1,-1,2304,470.319444,195,495,147,0,0.01435301,1045666,65365,1046242,65365
worst,2:1,V,100,100,display256,center,0,1,384,469.567708,195,497,151,0,0.01433007,1045058,65365,1045634,65365
worst,2:1,V,100,100,display256,center,1,2,384,471.971354,196,503,149,0,0.01440342,1045074,16777045,1045666,16777045
worst,2:1,V,100,100,display256,center,2,3,384,468.140625,193,495,147,0,0.01428652,1045666,65365,1046242,65365
worst,2:1,V,100,100,display256,center,3,4,384,472.473958,195,496,150,0,0.01441876,1046802,16777045,1047394,16777045
worst,2:1,V,100,100,display256,center,4,5,384,468.018229,195,500,149,0,0.01428278,1047394,65365,1047970,65365
worst,2:1,V,100,100,display256,center,5,6,384,471.744792,195,500,154,0,0.01439651,1047410,16777045,1048002,16777045
worst,2:1,V,100,100,display256,width,-1,-1,1152,306.576389,195,267,164,0,0.00935597,258053,65280,520197,65280
worst,2:1,V,100,100,display256,width,0,1,384,261.317708,196,261,164,0,0.00797478,258053,65280,520197,65280
worst,2:1,V,100,100,display256,width,1,2,384,321.200521,196,273,170,0,0.00980226,520197,65280,782341,65280
worst,2:1,V,100,100,display256,width,2,3,384,337.210938,195,273,166,0,0.01029086,786421,16776960,1048565,16776960
worst,2:1,V,100,100,display256,depth,-1,-1,1152,424.194444,292,438,262,0,0.01294539,90177524,65535,157286388,65535
worst,2:1,V,100,100,display256,depth,0,1,384,423.750000,290,441,264,0,0.01293182,1048564,65535,68157428,65535
worst,2:1,V,100,100,display256,depth,1,2,384,424.127604,291,438,262,0,0.01294335,90177524,65535,157286388,65535
worst,2:1,V,100,100,display256,depth,2,3,384,424.705729,294,438,275,0,0.01296099,179302404,65535,246411268,65535
worst,2:1,V,100,100,display256,neck,-1,-1,1152,98.936632,76,97,67,0,0.00301931,1044486,16776960,1044486,16777024
worst,2:1,V,100,100,display256,neck,0,1,384,93.070312,72,92,67,0,0.00284028,1044486,16776960,1044486,16777024
worst,2:1,V,100,100,display256,neck,1,2,384,98.710938,77,98,69,0,0.00301242,1044486,65365,1044486,65429
worst,2:1,V,100,100,display256,neck,2,3,384,105.028646,81,104,71,0,0.00320522,1048566,65408,1048566,65472
worst,2:1,V,100,100,display256,head,-1,-1,1152,295.133681,183,251,153,0,0.00900677,1044485,16128,1044485,32512
worst,2:1,V,100,100,display256,head,0,1,384,246.486979,182,245,153,0,0.00752219,1044485,16128,1044485,32512
worst,2:1,V,100,100,display256,head,1,2,384,311.020833,183,254,159,0,0.00949160,1048565,32512,1048565,48896
worst,2:1,V,100,100,display256,head,2,3,384,327.893229,183,259,160,0,0.01000651,1048565,16760576,1048565,16776960
worst,2:1,V,100,100,display256,skew,-1,-1,2304,230.059028,111,180,78,0,0.00702084,1044482,4914944,1044482,7274240
worst,2:1,V,100,100,display256,skew,0,1,384,238.226562,103,187,82,0,0.00727010,1044482,65280,1044482,2490112
worst,2:1,V,100,100,display256,skew,1,2,384,230.359375,108,176,82,0,0.00703001,1044482,4783872,1044482,7208704
worst,2:1,V,100,100,display256,skew,2,3,384,220.864583,126,179,78,0,0.00674025,1044482,4914944,1044482,7274240
worst,2:1,V,100,100,display256,skew,3,4,384,222.328125,127,178,78,0,0.00678492,1048562,9568000,1048562,11992832
worst,2:1,V,100,100,display256,skew,4,5,384,229.007812,107,176,81,0,0.00698876,1048566,11992832,1048566,14352128
worst,2:1,V,100,100,display256,skew,5,6,384,239.567708,104,188,81,0,0.00731103,1048562,14352128,1048562,16776960
random,4:1,H,400,100,normalized64,center,-1,-1,384,84.695312,69,83,54,0,0.04135513,155100546,433408,155101122,433408
random,4:1,H,400,100,normalized64,center,0,1,64,85.609375,70,84,61,0,0.04180145,117350445,6391111,117351021,6391111
random,4:1,H,400,100,normalized64,center,1,2,64,83.859375,68,82,56,0,0.04094696,12026749,8286801,12027325,8286801
random,4:1,H,400,100,normalized64,center,2,3,64,84.812500,70,84,54,0,0.04141235,155100546,433408,155101122,433408
random,4:1,H,400,100,normalized64,center,3,4,64,84.640625,67,86,54,0,0.04132843,155101122,433408,155101714,433408
random,4:1,H,400,100,normalized64,center,4,5,64,84.421875,69,82,56,0,0.04122162,12028509,8286801,12029085,8286801
random,4:1,H,400,100,normalized64,center,5,6,64,84.828125,67,83,55,0,0.04141998,155102290,433408,155102882,433408
random,4:1,H,400,100,normalized64,width,-1,-1,192,32.755208,24,32,16,0,0.01599375,42047699,16266523,42309843,16266523
random,4:1,H,400,100,normalized64,width,0,1,64,32.203125,23,32,16,0,0.01572418,42047699,16266523,42309843,16266523
random,4:1,H,400,100,normalized64,width,1,2,64,32.671875,24,33,17,0,0.01595306,42309843,16266523,42571987,16266523
random,4:1,H,400,100,normalized64,width,2,3,64,33.390625,24,32,20,0,0.01630402,12290061,8286801,12552205,8286801
random,4:1,H,400,100,normalized64,depth,-1,-1,192,47.848958,33,46,24,0,0.02336375,5616924,6758493,72725788,6758493
random,4:1,H,400,100,normalized64,depth,0,1,64,48.109375,34,46,24,0,0.02349091,5616924,6758493,72725788,6758493
random,4:1,H,400,100,normalized64,depth,1,2,64,48.234375,33,48,25,0,0.02355194,95796284,11012162,162905148,11012162
random,4:1,H,400,100,normalized64,depth,2,3,64,47.203125,33,46,24,0,0.02304840,162905148,11012162,230014012,11012162
random,4:1,H,400,100,normalized64,neck,-1,-1,192,10.333333,7,10,3,0,0.00504557,165572974,13596520,165572974,13596584
random,4:1,H,400,100,normalized64,neck,0,1,64,9.640625,7,9,5,0,0.00470734,264820774,13591820,264820774,13591884
random,4:1,H,400,100,normalized64,neck,1,2,64,9.937500,6,10,3,0,0.00485229,165572974,13596520,165572974,13596584
random,4:1,H,400,100,normalized64,neck,2,3,64,11.421875,8,11,6,0,0.00557709,34891939,14135734,34891939,14135798
random,4:1,H,400,100,normalized64,head,-1,-1,192,30.473958,21,30,14,0,0.01487986,12027917,8303185,12027917,8319569
random,4:1,H,400,100,normalized64,head,0,1,64,29.734375,21,30,16,0,0.01451874,10959657,6366215,10959657,6382599
random,4:1,H,400,100,normalized64,head,1,2,64,30.656250,20,30,16,0,0.01496887,26364675,8735298,26364675,8751682
random,4:1,H,400,100,normalized64,head,2,3,64,31.031250,21,30,14,0,0.01515198,12027917,8303185,12027917,8319569
random,4:1,H,400,100,normalized64,skew,-1,-1,384,22.265625,14,21,8,0,0.01087189,37107545,4740562,37107545,7099858
random,4:1,H,400,100,normalized64,skew,0,1,64,22.921875,15,20,11,0,0.01119232,26364675,1526338,26364675,3951170
random,4:1,H,400,100,normalized64,skew,1,2,64,21.562500,13,21,8,0,0.01052856,37107545,4740562,37107545,7099858
random,4:1,H,400,100,normalized64,skew,2,3,64,21.937500,15,21,13,0,0.01071167,224904485,6067906,224904485,8427202
random,4:1,H,400,100,normalized64,skew,3,4,64,22.421875,13,22,10,0,0.01094818,88446753,7361622,88446753,9720918
random,4:1,H,400,100,normalized64,skew,4,5,64,22.437500,16,23,11,0,0.01095581,12027917,10711633,12027917,13070929
random,4:1,H,400,100,normalized64,skew,5,6,64,22.312500,14,22,10,0,0.01089478,84240115,12385766,84240115,14745062
random,4:1,H,400,100,display64,center,-1,-1,384,8.973958,6,9,5,0,0.00438182,224903317,15636162,224903893,15636162
random,4:1,H,400,100,display64,center,0,1,64,9.031250,6,9,5,0,0.00440979,224903317,15636162,224903893,15636162
random,4:1,H,400,100,display64,center,1,2,64,8.937500,6,9,5,0,0.00436401,26362915,8735298,26363507,8735298
random,4:1,H,400,100,display64,center,2,3,64,8.984375,7,9,6,0,0.00438690,34891347,14135606,34891939,14135606
random,4:1,H,400,100,display64,center,3,4,64,8.828125,6,9,5,0,0.00431061,224905077,15636162,224905653,15636162
random,4:1,H,400,100,display64,center,4,5,64,8.984375,6,9,5,0,0.00438690,37108137,9524690,37108713,9524690
random,4:1,H,400,100,display64,center,5,6,64,9.078125,7,9,5,0,0.00443268,147958701,369371,147959293,369371
random,4:1,H,400,100,display64,width,-1,-1,192,3.437500,2,3,0,3,0.00167847,26626819,8735298,26888963,8735298
random,4:1,H,400,100,display64,width,0,1,64,3.468750,2,3,0,1,0.00169373,11765773,8286801,12027917,8286801
random,4:1,H,400,100,display64,width,1,2,64,3.218750,1,3,0,2,0.00157166,26626819,8735298,26888963,8735298
random,4:1,H,400,100,display64,width,2,3,64,3.625000,2,4,1,0,0.00177002,225166629,15636162,225428773,15636162
random,4:1,H,400,100,display64,depth,-1,-1,192,4.687500,1,4,0,15,0.00228882,90686757,15636162,157795621,15636162
random,4:1,H,400,100,display64,depth,0,1,64,6.968750,2,8,1,0,0.00340271,54383093,8952072,121491957,8952072
random,4:1,H,400,100,display64,depth,1,2,64,4.093750,0,4,0,9,0.00199890,90686757,15636162,157795621,15636162
random,4:1,H,400,100,display64,depth,2,3,64,3.000000,1,3,0,6,0.00146484,157795621,15636162,224904485,15636162
random,4:1,H,400,100,display64,neck,-1,-1,192,1.463542,1,2,0,12,0.00071462,206943516,6758493,206943516,6758557
random,4:1,H,400,100,display64,neck,0,1,64,1.484375,1,2,0,1,0.00072479,261225038,8700470,261225038,8700534
random,4:1,H,400,100,display64,neck,1,2,64,1.484375,1,2,0,4,0.00072479,206943516,6758493,206943516,6758557
random,4:1,H,400,100,display64,neck,2,3,64,1.421875,0,2,0,7,0.00069427,232448497,8271004,232448497,8271068
random,4:1,H,400,100,display64,head,-1,-1,192,3.312500,2,3,0,4,0.00161743,12027917,8270417,12027917,8286801
random,4:1,H,400,100,display64,head,0,1,64,3.015625,2,3,0,2,0.00147247,12027917,8270417,12027917,8286801
random,4:1,H,400,100,display64,head,1,2,64,3.500000,2,4,0,1,0.00170898,5531723,7294101,5531723,7310485
random,4:1,H,400,100,display64,head,2,3,64,3.421875,2,3,0,1,0.00167084,162905148,11044930,162905148,11061314
random,4:1,H,400,100,display64,skew,-1,-1,384,2.158854,0,2,0,40,0.00105413,193431922,13882422,193431922,16241718
random,4:1,H,400,100,display64,skew,0,1,64,2.265625,1,2,0,3,0.00110626,63568937,2324369,63568937,4683665
random,4:1,H,400,100,display64,skew,1,2,64,2.093750,0,2,0,10,0.00102234,34891939,4567350,34891939,6926646
random,4:1,H,400,100,display64,skew,2,3,64,2.203125,1,2,0,5,0.00107574,224904485,6067906,224904485,8427202
random,4:1,H,400,100,display64,skew,3,4,64,2.031250,0,2,0,8,0.00099182,34891939,9351478,34891939,11710774
random,4:1,H,400,100,display64,skew,4,5,64,2.234375,1,2,0,6,0.00109100,224904485,10852034,224904485,13211330
random,4:1,H,400,100,display64,skew,5,6,64,2.125000,0,2,0,8,0.00103760,193431922,13882422,193431922,16241718
random,4:1,H,400,100,display256,center,-1,-1,384,148.596354,121,149,94,0,0.00453480,12026749,8286801,12027325,8286801
random,4:1,H,400,100,display256,center,0,1,64,148.781250,123,149,96,0,0.00454044,12026157,8286801,12026749,8286801
random,4:1,H,400,100,display256,center,1,2,64,148.359375,120,150,94,0,0.00452757,12026749,8286801,12027325,8286801
random,4:1,H,400,100,display256,center,2,3,64,148.609375,123,150,96,0,0.00453520,12027325,8286801,12027917,8286801
random,4:1,H,400,100,display256,center,3,4,64,148.546875,123,150,97,0,0.00453329,12027917,8286801,12028509,8286801
random,4:1,H,400,100,display256,center,4,5,64,148.781250,121,150,94,0,0.00454044,12028509,8286801,12029085,8286801
random,4:1,H,400,100,display256,center,5,6,64,148.500000,121,150,97,0,0.00453186,12029085,8286801,12029677,8286801
random,4:1,H,400,100,display256,width,-1,-1,192,57.541667,42,56,31,0,0.00175603,42309843,16266523,42571987,16266523
random,4:1,H,400,100,display256,width,0,1,64,56.843750,42,56,33,0,0.00173473,11765773,8286801,12027917,8286801
random,4:1,H,400,100,display256,width,1,2,64,56.890625,42,56,31,0,0.00173616,42309843,16266523,42571987,16266523
random,4:1,H,400,100,display256,width,2,3,64,58.890625,44,56,36,0,0.00179720,12290061,8286801,12552205,8286801
random,4:1,H,400,100,display256,depth,-1,-1,192,84.880208,60,83,35,0,0.00259034,156467492,2714971,223576356,2714971
random,4:1,H,400,100,display256,depth,0,1,64,85.171875,65,82,52,0,0.00259924,5616924,6758493,72725788,6758493
random,4:1,H,400,100,display256,depth,1,2,64,84.921875,60,84,40,0,0.00259161,72725788,6758493,139834652,6758493
random,4:1,H,400,100,display256,depth,2,3,64,84.546875,55,84,35,0,0.00258017,156467492,2714971,223576356,2714971
random,4:1,H,400,100,display256,neck,-1,-1,192,18.354167,13,18,8,0,0.00056012,26364675,8735234,26364675,8735298
random,4:1,H,400,100,display256,neck,0,1,64,17.156250,13,16,8,0,0.00052357,26364675,8735234,26364675,8735298
random,4:1,H,400,100,display256,neck,1,2,64,18.609375,13,18,10,0,0.00056791,12027917,8286801,12027917,8286865
random,4:1,H,400,100,display256,neck,2,3,64,19.296875,15,19,10,0,0.00058889,26364675,8735362,26364675,8735426
random,4:1,H,400,100,display256,head,-1,-1,192,54.093750,39,53,31,0,0.00165081,12027917,8270417,12027917,8286801
random,4:1,H,400,100,display256,head,0,1,64,52.859375,39,54,31,0,0.00161314,12027917,8270417,12027917,8286801
random,4:1,H,400,100,display256,head,1,2,64,53.781250,38,53,31,0,0.00164127,12027917,8286801,12027917,8303185
random,4:1,H,400,100,display256,head,2,3,64,55.640625,40,53,33,0,0.00169802,26364675,8751682,26364675,8768066
random,4:1,H,400,100,display256,skew,-1,-1,384,38.739583,27,36,19,0,0.00118224,12027917,1077841,12027917,3502673
random,4:1,H,400,100,display256,skew,0,1,64,39.359375,27,36,19,0,0.00120115,12027917,1077841,12027917,3502673
random,4:1,H,400,100,display256,skew,1,2,64,38.625000,28,35,21,0,0.00117874,12027917,3502673,12027917,5861969
random,4:1,H,400,100,display256,skew,2,3,64,37.906250,28,37,22,0,0.00115681,26364675,6310466,26364675,8735298
random,4:1,H,400,100,display256,skew,3,4,64,39.078125,27,37,23,0,0.00119257,12027917,8286801,12027917,10711633
random,4:1,H,400,100,display256,skew,4,5,64,38.843750,26,37,21,0,0.00118542,12027917,10711633,12027917,13070929
random,4:1,H,400,100,display256,skew,5,6,64,38.625000,26,34,19,0,0.00117874,12027917,13070929,12027917,15495761
worst,4:1,H,400,100,normalized64,center,-1,-1,2304,66.779080,27,71,18,0,0.03260697,1044482,65280,1045074,65280
worst,4:1,H,400,100,normalized64,center,0,1,384,66.690104,26,71,18,0,0.03256353,1044482,65280,1045074,65280
worst,4:1,H,400,100,normalized64,center,1,2,384,67.083333,28,71,21,0,0.03275553,1045634,65450,1046226,65450
worst,4:1,H,400,100,normalized64,center,2,3,384,66.390625,26,71,20,0,0.03241730,1045666,65280,1046242,65280
worst,4:1,H,400,100,normalized64,center,3,4,384,66.958333,26,70,20,0,0.03269450,1046802,65450,1047394,65450
worst,4:1,H,400,100,normalized64,center,4,5,384,66.575521,28,70,21,0,0.03250758,1046834,65280,1047410,65280
worst,4:1,H,400,100,normalized64,center,5,6,384,66.976562,26,71,18,0,0.03270340,1047970,65280,1048562,65280
worst,4:1,H,400,100,normalized64,width,-1,-1,1152,43.638889,27,38,18,0,0.02130805,258053,65535,520197,65535
worst,4:1,H,400,100,normalized64,width,0,1,384,37.687500,28,38,18,0,0.01840210,258053,65535,520197,65535
worst,4:1,H,400,100,normalized64,width,1,2,384,45.429688,28,39,22,0,0.02218246,520195,16777130,782339,16777130
worst,4:1,H,400,100,normalized64,width,2,3,384,47.799479,27,38,20,0,0.02333959,782339,65280,1044483,65280
worst,4:1,H,400,100,normalized64,depth,-1,-1,1152,59.519097,41,58,32,0,0.02906206,68153348,16777130,135262212,16777130
worst,4:1,H,400,100,normalized64,depth,0,1,384,59.804688,41,57,34,0,0.02920151,67104772,16777215,134213636,16777215
worst,4:1,H,400,100,normalized64,depth,1,2,384,59.580729,40,59,32,0,0.02909215,68153348,16777130,135262212,16777130
worst,4:1,H,400,100,normalized64,depth,2,3,384,59.171875,41,60,36,0,0.02889252,201322500,65535,268431364,65535
worst,4:1,H,400,100,normalized64,neck,-1,-1,1152,13.941840,10,14,7,0,0.00680754,1044483,16777088,1044483,16777152
worst,4:1,H,400,100,normalized64,neck,0,1,384,12.914062,9,13,8,0,0.00630569,1048561,65343,1048561,65407
worst,4:1,H,400,100,normalized64,neck,1,2,384,14.177083,11,14,8,0,0.00692240,1044486,65344,1044486,65408
worst,4:1,H,400,100,normalized64,neck,2,3,384,14.734375,10,15,7,0,0.00719452,1044483,16777088,1044483,16777152
worst,4:1,H,400,100,normalized64,head,-1,-1,1152,42.018229,26,36,18,0,0.02051671,1044483,48896,1044483,65280
worst,4:1,H,400,100,normalized64,head,0,1,384,35.604167,26,36,18,0,0.01738485,1044485,16213,1044485,32597
worst,4:1,H,400,100,normalized64,head,1,2,384,43.927083,26,36,20,0,0.02144877,179306483,32597,179306483,48981
worst,4:1,H,400,100,normalized64,head,2,3,384,46.523438,26,36,18,0,0.02271652,1044483,48896,1044483,65280
worst,4:1,H,400,100,normalized64,skew,-1,-1,2304,32.756510,16,25,10,0,0.01599439,1044482,2424576,1044482,4783872
worst,4:1,H,400,100,normalized64,skew,0,1,384,34.078125,15,26,10,0,0.01663971,1044482,2424576,1044482,4783872
worst,4:1,H,400,100,normalized64,skew,1,2,384,32.752604,15,25,10,0,0.01599248,1044486,4783957,1044486,7208789
worst,4:1,H,400,100,normalized64,skew,2,3,384,31.343750,17,26,11,0,0.01530457,1044482,4915029,1044482,7274325
worst,4:1,H,400,100,normalized64,skew,3,4,384,31.526042,17,25,11,0,0.01539358,1048562,9568085,1048562,11992917
worst,4:1,H,400,100,normalized64,skew,4,5,384,32.424479,15,24,10,0,0.01583227,1048566,9699157,1048566,12058453
worst,4:1,H,400,100,normalized64,skew,5,6,384,34.414062,15,26,10,0,0.01680374,1048562,12058368,1048562,14483200
worst,4:1,H,400,100,display64,center,-1,-1,2304,7.266493,3,7,0,14,0.00354809,1044482,65280,1045074,65280
worst,4:1,H,400,100,display64,center,0,1,384,7.161458,3,7,0,5,0.00349681,1044482,65280,1045074,65280
worst,4:1,H,400,100,display64,center,1,2,384,7.382812,3,7,0,2,0.00360489,179302994,65365,179303586,65365
worst,4:1,H,400,100,display64,center,2,3,384,7.255208,3,7,1,0,0.00354258,90174626,65280,90175202,65280
worst,4:1,H,400,100,display64,center,3,4,384,7.255208,3,7,1,0,0.00354258,268433682,65535,268434274,65535
worst,4:1,H,400,100,display64,center,4,5,384,7.356771,3,7,0,2,0.00359217,179305314,16777045,179305890,16777045
worst,4:1,H,400,100,display64,center,5,6,384,7.187500,3,7,0,5,0.00350952,1047970,65280,1048562,65280
worst,4:1,H,400,100,display64,width,-1,-1,1152,4.697917,2,4,0,1,0.00229390,524275,65535,786419,65535
worst,4:1,H,400,100,display64,width,0,1,384,3.976562,2,4,1,0,0.00194168,258049,65280,520193,65280
worst,4:1,H,400,100,display64,width,1,2,384,5.028646,3,5,0,1,0.00245539,524275,65535,786419,65535
worst,4:1,H,400,100,display64,width,2,3,384,5.088542,2,4,1,0,0.00248464,782337,65280,1044481,65280
worst,4:1,H,400,100,display64,depth,-1,-1,1152,5.844618,2,5,0,96,0.00285382,68153349,65280,135262213,65280
worst,4:1,H,400,100,display64,depth,0,1,384,8.322917,2,10,2,0,0.00406392,1044484,16776960,68153348,16776960
worst,4:1,H,400,100,display64,depth,1,2,384,5.372396,0,5,0,64,0.00262324,68153349,65280,135262213,65280
worst,4:1,H,400,100,display64,depth,2,3,384,3.838542,1,4,0,32,0.00187429,135262213,65280,202371077,65280
worst,4:1,H,400,100,display64,neck,-1,-1,1152,1.892361,1,2,0,7,0.00092400,268431361,65408,268431361,65472
worst,4:1,H,400,100,display64,neck,0,1,384,1.846354,1,2,0,1,0.00090154,179302401,16776960,179302401,16777024
worst,4:1,H,400,100,display64,neck,1,2,384,1.960938,1,2,0,3,0.00095749,179302401,65386,179302401,65450
worst,4:1,H,400,100,display64,neck,2,3,384,1.869792,1,2,0,3,0.00091298,268431361,65408,268431361,65472
worst,4:1,H,400,100,display64,head,-1,-1,1152,4.644097,2,4,0,1,0.00226763,1048563,32767,1048563,49151
worst,4:1,H,400,100,display64,head,0,1,384,3.880208,2,4,1,0,0.00189463,1044481,16128,1044481,32512
worst,4:1,H,400,100,display64,head,1,2,384,5.033854,3,4,0,1,0.00245794,1048563,32767,1048563,49151
worst,4:1,H,400,100,display64,head,2,3,384,5.018229,2,4,1,0,0.00245031,1044481,48896,1044481,65280
worst,4:1,H,400,100,display64,skew,-1,-1,2304,3.483073,1,3,0,39,0.00170072,90173443,2490112,90173443,4914944
worst,4:1,H,400,100,display64,skew,0,1,384,3.674479,1,3,0,3,0.00179418,1044485,65450,1044485,2490282
worst,4:1,H,400,100,display64,skew,1,2,384,3.481771,1,2,0,16,0.00170008,90173443,2490112,90173443,4914944
worst,4:1,H,400,100,display64,skew,2,3,384,3.281250,1,3,1,0,0.00160217,1044481,4914944,1044481,7274240
worst,4:1,H,400,100,display64,skew,3,4,384,3.296875,1,3,1,0,0.00160980,1044481,7274240,1044481,9699072
worst,4:1,H,400,100,display64,skew,4,5,384,3.492188,1,2,0,16,0.00170517,90173443,9699072,90173443,12058368
worst,4:1,H,400,100,display64,skew,5,6,384,3.671875,1,3,0,4,0.00179291,90177525,14352213,90177525,16777045
worst,4:1,H,400,100,display256,center,-1,-1,2304,117.405382,48,126,36,0,0.00358293,1046834,65280,1047410,65280
worst,4:1,H,400,100,display256,center,0,1,384,117.398438,47,126,36,0,0.00358272,1045058,65535,1045634,65535
worst,4:1,H,400,100,display256,center,1,2,384,117.367188,49,126,37,0,0.00358176,1045074,16776960,1045666,16776960
worst,4:1,H,400,100,display256,center,2,3,384,117.153646,47,125,37,0,0.00357525,1045666,65280,1046242,65280
worst,4:1,H,400,100,display256,center,3,4,384,118.057292,47,125,37,0,0.00360282,1046242,16777215,1046834,16777215
worst,4:1,H,400,100,display256,center,4,5,384,116.372396,47,126,36,0,0.00355140,1046834,65280,1047410,65280
worst,4:1,H,400,100,display256,center,5,6,384,118.083333,48,126,36,0,0.00360362,1047410,16777215,1048002,16777215
worst,4:1,H,400,100,display256,width,-1,-1,1152,75.791667,48,67,39,0,0.00231298,782341,65280,1044485,65280
worst,4:1,H,400,100,display256,width,0,1,384,64.734375,47,66,39,0,0.00197554,258053,65365,520197,65365
worst,4:1,H,400,100,display256,width,1,2,384,79.411458,49,67,41,0,0.00242345,524277,65280,786421,65280
worst,4:1,H,400,100,display256,width,2,3,384,83.229167,48,69,39,0,0.00253995,782341,65280,1044485,65280
worst,4:1,H,400,100,display256,depth,-1,-1,1152,106.724826,76,106,49,0,0.00325698,201326580,16777215,268435444,16777215
worst,4:1,H,400,100,display256,depth,0,1,384,106.354167,80,110,67,0,0.00324567,67108853,16777215,134217717,16777215
worst,4:1,H,400,100,display256,depth,1,2,384,107.434896,75,112,59,0,0.00327865,68153348,16777215,135262212,16777215
worst,4:1,H,400,100,display256,depth,2,3,384,106.385417,62,104,49,0,0.00324663,201326580,16777215,268435444,16777215
worst,4:1,H,400,100,display256,neck,-1,-1,1152,25.025174,19,24,17,0,0.00076371,1044483,65280,1044483,65344
worst,4:1,H,400,100,display256,neck,0,1,384,23.463542,18,23,17,0,0.00071605,1044483,65280,1044483,65344
worst,4:1,H,400,100,display256,neck,1,2,384,24.768229,19,25,17,0,0.00075587,1044486,65365,1044486,65429
worst,4:1,H,400,100,display256,neck,2,3,384,26.843750,20,26,17,0,0.00081921,1048566,65408,1048566,65472
worst,4:1,H,400,100,display256,head,-1,-1,1152,73.220486,46,63,38,0,0.00223451,1044485,16128,1044485,32512
worst,4:1,H,400,100,display256,head,0,1,384,61.562500,45,63,38,0,0.00187874,1044485,16128,1044485,32512
worst,4:1,H,400,100,display256,head,1,2,384,76.932292,46,63,40,0,0.00234779,1044485,32512,1044485,48896
worst,4:1,H,400,100,display256,head,2,3,384,81.166667,46,65,39,0,0.00247701,1044483,16760576,1044483,16776960
worst,4:1,H,400,100,display256,skew,-1,-1,2304,57.230035,27,45,19,0,0.00174652,1044482,65280,1044482,2490112
worst,4:1,H,400,100,display256,skew,0,1,384,59.169271,25,46,19,0,0.00180570,1044482,65280,1044482,2490112
worst,4:1,H,400,100,display256,skew,1,2,384,56.984375,27,45,19,0,0.00173903,1044482,4783872,1044482,7208704
worst,4:1,H,400,100,display256,skew,2,3,384,55.312500,31,45,22,0,0.00168800,90173442,4915029,90173442,7274325
worst,4:1,H,400,100,display256,skew,3,4,384,55.669271,32,46,22,0,0.00169889,1048562,9568170,1048562,11993002
worst,4:1,H,400,100,display256,skew,4,5,384,56.880208,27,45,20,0,0.00173585,1048562,9699072,1048562,12058368
worst,4:1,H,400,100,display256,skew,5,6,384,59.364583,25,46,19,0,0.00181166,1048562,14352128,1048562,16776960
random,4:1,V,100,100,normalized64,center,-1,-1,384,84.661458,69,83,54,0,0.04133860,155100546,433408,155101122,433408
random,4:1,V,100,100,normalized64,center,0,1,64,85.671875,70,85,61,0,0.04183197,117350445,6391111,117351021,6391111
random,4:1,V,100,100,normalized64,center,1,2,64,83.562500,69,82,55,0,0.04080200,155099954,433408,155100546,433408
random,4:1,V,100,100,normalized64,center,2,3,64,85.125000,71,86,54,0,0.04156494,155100546,433408,155101122,433408
random,4:1,V,100,100,normalized64,center,3,4,64,84.609375,69,86,54,0,0.04131317,155101122,433408,155101714,433408
random,4:1,V,100,100,normalized64,center,4,5,64,84.500000,68,82,57,0,0.04125977,12028509,8286801,12029085,8286801
random,4:1,V,100,100,normalized64,center,5,6,64,84.500000,67,82,56,0,0.04125977,155102290,433408,155102882,433408
random,4:1,V,100,100,normalized64,width,-1,-1,192,32.796875,25,32,16,0,0.01601410,5531723,7294101,5793867,7294101
random,4:1,V,100,100,normalized64,width,0,1,64,32.171875,25,32,16,0,0.01570892,42047699,16266523,42309843,16266523
random,4:1,V,100,100,normalized64,width,1,2,64,32.937500,25,32,16,0,0.01608276,5531723,7294101,5793867,7294101
random,4:1,V,100,100,normalized64,width,2,3,64,33.281250,24,32,18,0,0.01625061,12290061,8286801,12552205,8286801
random,4:1,V,100,100,normalized64,depth,-1,-1,192,47.666667,33,46,23,0,0.02327474,22249764,2714971,89358628,2714971
random,4:1,V,100,100,normalized64,depth,0,1,64,47.984375,34,46,23,0,0.02342987,22249764,2714971,89358628,2714971
random,4:1,V,100,100,normalized64,depth,1,2,64,48.031250,33,48,24,0,0.02345276,95796284,11012162,162905148,11012162
random,4:1,V,100,100,normalized64,depth,2,3,64,46.984375,32,46,23,0,0.02294159,156467492,2714971,223576356,2714971
random,4:1,V,100,100,normalized64,neck,-1,-1,192,10.281250,7,10,3,0,0.00502014,4522078,8221003,4522078,8221067
random,4:1,V,100,100,normalized64,neck,0,1,64,9.625000,7,9,4,0,0.00469971,5531723,7293973,5531723,7294037
random,4:1,V,100,100,normalized64,neck,1,2,64,10.078125,7,10,3,0,0.00492096,4522078,8221003,4522078,8221067
random,4:1,V,100,100,normalized64,neck,2,3,64,11.140625,7,11,4,0,0.00543976,93941238,16358809,93941238,16358873
random,4:1,V,100,100,normalized64,head,-1,-1,192,30.479167,21,30,12,0,0.01488241,12027917,8303185,12027917,8319569
random,4:1,V,100,100,normalized64,head,0,1,64,29.343750,21,29,16,0,0.01432800,10959657,6366215,10959657,6382599
random,4:1,V,100,100,normalized64,head,1,2,64,30.890625,21,31,14,0,0.01508331,5531723,7294101,5531723,7310485
random,4:1,V,100,100,normalized64,head,2,3,64,31.203125,21,30,12,0,0.01523590,12027917,8303185,12027917,8319569
random,4:1,V,100,100,normalized64,skew,-1,-1,384,22.190104,14,21,8,0,0.01083501,37107545,4740562,37107545,7099858
random,4:1,V,100,100,normalized64,skew,0,1,64,22.625000,14,20,11,0,0.01104736,26364675,1526338,26364675,3951170
random,4:1,V,100,100,normalized64,skew,1,2,64,21.687500,13,22,8,0,0.01058960,37107545,4740562,37107545,7099858
random,4:1,V,100,100,normalized64,skew,2,3,64,21.796875,15,21,13,0,0.01064301,224904485,6067906,224904485,8427202
random,4:1,V,100,100,normalized64,skew,3,4,64,22.484375,13,23,11,0,0.01097870,26364675,8735298,26364675,11160130
random,4:1,V,100,100,normalized64,skew,4,5,64,22.406250,15,22,10,0,0.01094055,5531723,9718933,5531723,12078229
random,4:1,V,100,100,normalized64,skew,5,6,64,22.140625,14,21,10,0,0.01081085,84240115,12385766,84240115,14745062
random,4:1,V,100,100,display64,center,-1,-1,384,37.169271,29,37,22,0,0.01814906,155099378,433408,155099954,433408
random,4:1,V,100,100,display64,center,0,1,64,37.421875,30,37,22,0,0.01827240,155099378,433408,155099954,433408
random,4:1,V,100,100,display64,center,1,2,64,36.843750,30,37,23,0,0.01799011,12026749,8286801,12027325,8286801
random,4:1,V,100,100,display64,center,2,3,64,37.046875,29,38,23,0,0.01808929,155100546,433408,155101122,433408
random,4:1,V,100,100,display64,center,3,4,64,37.500000,30,36,24,0,0.01831055,12027917,8286801,12028509,8286801
random,4:1,V,100,100,display64,center,4,5,64,37.000000,29,37,23,0,0.01806641,12028509,8286801,12029085,8286801
random,4:1,V,100,100,display64,center,5,6,64,37.203125,29,38,23,0,0.01816559,12029085,8286801,12029677,8286801
random,4:1,V,100,100,display64,width,-1,-1,192,14.291667,10,14,5,0,0.00697835,5531723,7294101,5793867,7294101
random,4:1,V,100,100,display64,width,0,1,64,14.062500,9,14,8,0,0.00686646,63044649,16676753,63306793,16676753
random,4:1,V,100,100,display64,width,1,2,64,14.734375,10,15,5,0,0.00719452,5531723,7294101,5793867,7294101
random,4:1,V,100,100,display64,width,2,3,64,14.078125,9,13,7,0,0.00687408,117090637,6391111,117352781,6391111
random,4:1,V,100,100,display64,depth,-1,-1,192,21.046875,14,20,9,0,0.01027679,156467492,2714971,223576356,2714971
random,4:1,V,100,100,display64,depth,0,1,64,21.000000,15,20,12,0,0.01025391,22249764,2714971,89358628,2714971
random,4:1,V,100,100,display64,depth,1,2,64,21.671875,14,22,10,0,0.01058197,72725788,6758493,139834652,6758493
random,4:1,V,100,100,display64,depth,2,3,64,20.468750,13,20,9,0,0.00999451,156467492,2714971,223576356,2714971
random,4:1,V,100,100,display64,neck,-1,-1,192,4.562500,2,5,0,4,0.00222778,232132182,9787663,232132182,9787727
random,4:1,V,100,100,display64,neck,0,1,64,4.390625,2,4,0,2,0.00214386,232132182,9787663,232132182,9787727
random,4:1,V,100,100,display64,neck,1,2,64,4.562500,2,5,0,1,0.00222778,232448497,8270940,232448497,8271004
random,4:1,V,100,100,display64,neck,2,3,64,4.734375,3,5,0,1,0.00231171,232132182,9787791,232132182,9787855
random,4:1,V,100,100,display64,head,-1,-1,192,13.510417,9,13,5,0,0.00659688,26364675,8751682,26364675,8768066
random,4:1,V,100,100,display64,head,0,1,64,13.671875,9,13,6,0,0.00667572,12027917,8270417,12027917,8286801
random,4:1,V,100,100,display64,head,1,2,64,12.703125,9,12,5,0,0.00620270,5531723,7294101,5531723,7310485
random,4:1,V,100,100,display64,head,2,3,64,14.156250,9,13,5,0,0.00691223,26364675,8751682,26364675,8768066
random,4:1,V,100,100,display64,skew,-1,-1,384,9.682292,6,9,4,0,0.00472768,5531723,4869269,5531723,7294101
random,4:1,V,100,100,display64,skew,0,1,64,9.703125,6,9,5,0,0.00473785,4522078,1012043,4522078,3436875
random,4:1,V,100,100,display64,skew,1,2,64,9.734375,5,9,5,0,0.00475311,34891939,4567350,34891939,6926646
random,4:1,V,100,100,display64,skew,2,3,64,9.265625,5,9,4,0,0.00452423,5531723,4869269,5531723,7294101
random,4:1,V,100,100,display64,skew,3,4,64,9.968750,6,10,4,0,0.00486755,147959293,7578331,147959293,9937627
random,4:1,V,100,100,display64,skew,4,5,64,9.562500,6,9,5,0,0.00466919,12027917,10711633,12027917,13070929
random,4:1,V,100,100,display64,skew,5,6,64,9.859375,6,9,4,0,0.00481415,155102882,12426496,155102882,14785792
random,4:1,V,100,100,display256,center,-1,-1,384,596.479167,497,590,394,0,0.01820310,155100546,433408,155101122,433408
random,4:1,V,100,100,display256,center,0,1,64,597.156250,494,588,395,0,0.01822376,155099378,433408,155099954,433408
random,4:1,V,100,100,display256,center,1,2,64,595.859375,499,591,401,0,0.01818419,155099954,433408,155100546,433408
random,4:1,V,100,100,display256,center,2,3,64,596.625000,493,595,394,0,0.01820755,155100546,433408,155101122,433408
random,4:1,V,100,100,display256,center,3,4,64,596.156250,499,590,402,0,0.01819324,155101122,433408,155101714,433408
random,4:1,V,100,100,display256,center,4,5,64,596.562500,500,591,395,0,0.01820564,155101714,433408,155102290,433408
random,4:1,V,100,100,display256,center,5,6,64,596.515625,494,593,400,0,0.01820421,155102290,433408,155102882,433408
random,4:1,V,100,100,display256,width,-1,-1,192,230.791667,172,224,133,0,0.00704320,42047699,16266523,42309843,16266523
random,4:1,V,100,100,display256,width,0,1,64,228.000000,172,224,133,0,0.00695801,42047699,16266523,42309843,16266523
random,4:1,V,100,100,display256,width,1,2,64,228.531250,169,227,135,0,0.00697422,42309843,16266523,42571987,16266523
random,4:1,V,100,100,display256,width,2,3,64,235.843750,177,223,136,0,0.00719738,42571987,16266523,42834131,16266523
random,4:1,V,100,100,display256,depth,-1,-1,192,336.901042,239,326,174,0,0.01028140,89358628,2714971,156467492,2714971
random,4:1,V,100,100,display256,depth,0,1,64,336.437500,234,330,177,0,0.01026726,5616924,6758493,72725788,6758493
random,4:1,V,100,100,display256,depth,1,2,64,337.046875,233,327,174,0,0.01028585,89358628,2714971,156467492,2714971
random,4:1,V,100,100,display256,depth,2,3,64,337.218750,240,326,179,0,0.01029110,162905148,11012162,230014012,11012162
random,4:1,V,100,100,display256,neck,-1,-1,192,72.468750,52,69,41,0,0.00221157,26364675,8735234,26364675,8735298
random,4:1,V,100,100,display256,neck,0,1,64,68.406250,48,66,41,0,0.00208759,26364675,8735234,26364675,8735298
random,4:1,V,100,100,display256,neck,1,2,64,72.140625,53,69,41,0,0.00220156,26364675,8735298,26364675,8735362
random,4:1,V,100,100,display256,neck,2,3,64,76.859375,56,75,45,0,0.00234556,26364675,8735362,26364675,8735426
random,4:1,V,100,100,display256,head,-1,-1,192,216.026042,159,211,125,0,0.00659259,26364675,8718914,26364675,8735298
random,4:1,V,100,100,display256,head,0,1,64,209.625000,160,211,125,0,0.00639725,26364675,8718914,26364675,8735298
random,4:1,V,100,100,display256,head,1,2,64,216.031250,155,212,130,0,0.00659275,26364675,8735298,26364675,8751682
random,4:1,V,100,100,display256,head,2,3,64,222.421875,159,207,126,0,0.00678778,26364675,8751682,26364675,8768066
random,4:1,V,100,100,display256,skew,-1,-1,384,156.393229,108,143,79,0,0.00477274,26364675,13519426,26364675,15944258
random,4:1,V,100,100,display256,skew,0,1,64,158.640625,108,143,80,0,0.00484133,26364675,1526338,26364675,3951170
random,4:1,V,100,100,display256,skew,1,2,64,156.468750,107,143,89,0,0.00477505,26364675,3951170,26364675,6310466
random,4:1,V,100,100,display256,skew,2,3,64,152.750000,112,141,87,0,0.00466156,5531723,4869269,5531723,7294101
random,4:1,V,100,100,display256,skew,3,4,64,157.765625,110,146,85,0,0.00481462,26364675,8735298,26364675,11160130
random,4:1,V,100,100,display256,skew,4,5,64,156.937500,110,144,87,0,0.00478935,5531723,9718933,5531723,12078229
random,4:1,V,100,100,display256,skew,5,6,64,155.796875,107,141,79,0,0.00475454,26364675,13519426,26364675,15944258
worst,4:1,V,100,100,normalized64,center,-1,-1,2304,66.776910,26,70,16,0,0.03260591,1047970,65280,1048562,65280
worst,4:1,V,100,100,normalized64,center,0,1,384,66.760417,26,70,18,0,0.03259786,1044482,65280,1045074,65280
worst,4:1,V,100,100,normalized64,center,1,2,384,67.046875,28,71,21,0,0.03273773,1045634,65450,1046226,65450
worst,4:1,V,100,100,normalized64,center,2,3,384,66.291667,26,70,19,0,0.03236898,1045666,65280,1046242,65280
worst,4:1,V,100,100,normalized64,center,3,4,384,66.955729,26,70,19,0,0.03269323,1046802,16776960,1047394,16776960
worst,4:1,V,100,100,normalized64,center,4,5,384,66.567708,28,70,21,0,0.03250376,1046834,65280,1047410,65280
worst,4:1,V,100,100,normalized64,center,5,6,384,67.039062,26,71,16,0,0.03273392,1047970,65280,1048562,65280
worst,4:1,V,100,100,normalized64,width,-1,-1,1152,43.676215,27,38,18,0,0.02132628,262133,16777215,524277,16777215
worst,4:1,V,100,100,normalized64,width,0,1,384,37.882812,28,38,18,0,0.01849747,262133,16777215,524277,16777215
worst,4:1,V,100,100,normalized64,width,1,2,384,45.549479,27,39,22,0,0.02224096,520195,16776960,782339,16776960
worst,4:1,V,100,100,normalized64,width,2,3,384,47.596354,27,38,20,0,0.02324041,782339,65280,1044483,65280
worst,4:1,V,100,100,normalized64,depth,-1,-1,1152,59.384549,41,58,33,0,0.02899636,68153348,16777130,135262212,16777130
worst,4:1,V,100,100,normalized64,depth,0,1,384,59.755208,41,57,35,0,0.02917735,45084676,16777215,112193540,16777215
worst,4:1,V,100,100,normalized64,depth,1,2,384,59.455729,39,59,33,0,0.02903112,68153348,16777130,135262212,16777130
worst,4:1,V,100,100,normalized64,depth,2,3,384,58.942708,41,59,35,0,0.02878062,179306484,16777215,246415348,16777215
worst,4:1,V,100,100,normalized64,neck,-1,-1,1152,14.085069,10,14,7,0,0.00687748,1048561,65343,1048561,65407
worst,4:1,V,100,100,normalized64,neck,0,1,384,12.877604,9,13,7,0,0.00628789,1048561,65343,1048561,65407
worst,4:1,V,100,100,normalized64,neck,1,2,384,14.343750,11,14,10,0,0.00700378,90177521,65407,90177521,65471
worst,4:1,V,100,100,normalized64,neck,2,3,384,15.033854,11,15,7,0,0.00734075,1048563,65408,1048563,65472
worst,4:1,V,100,100,normalized64,head,-1,-1,1152,42.047743,25,36,18,0,0.02053112,1044483,48896,1044483,65280
worst,4:1,V,100,100,normalized64,head,0,1,384,35.765625,26,36,19,0,0.01746368,1044485,16298,1044485,32682
worst,4:1,V,100,100,normalized64,head,1,2,384,44.020833,25,36,20,0,0.02149455,179302403,16744192,179302403,16760576
worst,4:1,V,100,100,normalized64,head,2,3,384,46.356771,25,36,18,0,0.02263514,1044483,48896,1044483,65280
worst,4:1,V,100,100,normalized64,skew,-1,-1,2304,32.736545,16,25,9,0,0.01598464,1044482,2424576,1044482,4783872
worst,4:1,V,100,100,normalized64,skew,0,1,384,33.986979,14,26,9,0,0.01659520,1044482,2424576,1044482,4783872
worst,4:1,V,100,100,normalized64,skew,1,2,384,32.651042,15,25,10,0,0.01594289,1044482,4783872,1044482,7208704
worst,4:1,V,100,100,normalized64,skew,2,3,384,31.476562,17,26,11,0,0.01536942,1044482,4915029,1044482,7274325
worst,4:1,V,100,100,normalized64,skew,3,4,384,31.682292,17,26,11,0,0.01546987,1048562,9568085,1048562,11992917
worst,4:1,V,100,100,normalized64,skew,4,5,384,32.315104,15,24,10,0,0.01577886,1048562,9699072,1048562,12058368
worst,4:1,V,100,100,normalized64,skew,5,6,384,34.307292,15,26,10,0,0.01675161,1048562,12058368,1048562,14483200
worst,4:1,V,100,100,display64,center,-1,-1,2304,29.385417,12,31,6,0,0.01434835,1046242,65365,1046834,65365
worst,4:1,V,100,100,display64,center,0,1,384,29.505208,12,31,8,0,0.01440684,1044482,65280,1045074,65280
worst,4:1,V,100,100,display64,center,1,2,384,29.500000,12,31,8,0,0.01440430,90174034,65280,90174626,65280
worst,4:1,V,100,100,display64,center,2,3,384,29.104167,12,31,6,0,0.01421102,1046226,16777045,1046802,16777045
worst,4:1,V,100,100,display64,center,3,4,384,29.283854,12,32,6,0,0.01429876,1046242,65365,1046834,65365
worst,4:1,V,100,100,display64,center,4,5,384,29.263021,12,31,8,0,0.01428858,90176354,16776960,90176930,16776960
worst,4:1,V,100,100,display64,center,5,6,384,29.656250,12,32,8,0,0.01448059,1047970,65535,1048562,65535
worst,4:1,V,100,100,display64,width,-1,-1,1152,18.909722,11,17,6,0,0.00923326,782339,16777045,1044483,16777045
worst,4:1,V,100,100,display64,width,0,1,384,16.661458,12,17,8,0,0.00813548,258053,65280,520197,65280
worst,4:1,V,100,100,display64,width,1,2,384,19.627604,11,17,7,0,0.00958379,178782195,65280,179044339,65280
worst,4:1,V,100,100,display64,width,2,3,384,20.440104,10,17,6,0,0.00998052,782339,16777045,1044483,16777045
worst,4:1,V,100,100,display64,depth,-1,-1,1152,26.128472,18,26,12,0,0.01275804,157282308,16777045,224391172,16777045
worst,4:1,V,100,100,display64,depth,0,1,384,25.403646,18,23,15,0,0.01240412,67104773,65535,134213637,65535
worst,4:1,V,100,100,display64,depth,1,2,384,27.023438,18,28,13,0,0.01319504,68153348,16777215,135262212,16777215
worst,4:1,V,100,100,display64,depth,2,3,384,25.958333,16,25,12,0,0.01267497,157282308,16777045,224391172,16777045
worst,4:1,V,100,100,display64,neck,-1,-1,1152,6.305556,4,6,2,0,0.00307888,1044483,16776960,1044483,16777024
worst,4:1,V,100,100,display64,neck,0,1,384,5.921875,4,6,2,0,0.00289154,1044483,16776960,1044483,16777024
worst,4:1,V,100,100,display64,neck,1,2,384,6.421875,5,6,4,0,0.00313568,179302403,65344,179302403,65408
worst,4:1,V,100,100,display64,neck,2,3,384,6.572917,5,7,3,0,0.00320943,1044481,65429,1044481,65493
worst,4:1,V,100,100,display64,head,-1,-1,1152,18.230035,11,16,5,0,0.00890138,179306483,32682,179306483,49066
worst,4:1,V,100,100,display64,head,0,1,384,15.750000,12,15,6,0,0.00769043,1044485,16383,1044485,32767
worst,4:1,V,100,100,display64,head,1,2,384,19.088542,11,16,5,0,0.00932058,179306483,32682,179306483,49066
worst,4:1,V,100,100,display64,head,2,3,384,19.851562,10,16,6,0,0.00969315,1044483,16760661,1044483,16777045
worst,4:1,V,100,100,display64,skew,-1,-1,2304,14.265625,6,11,3,0,0.00696564,1044482,4783872,1044482,7208704
worst,4:1,V,100,100,display64,skew,0,1,384,14.622396,6,11,4,0,0.00713984,179302401,65450,179302401,2490282
worst,4:1,V,100,100,display64,skew,1,2,384,14.359375,6,11,3,0,0.00701141,1044482,4783872,1044482,7208704
worst,4:1,V,100,100,display64,skew,2,3,384,13.783854,7,11,4,0,0.00673040,90173446,4915199,90173446,7274495
worst,4:1,V,100,100,display64,skew,3,4,384,13.869792,7,11,4,0,0.00677236,90177526,7274495,90177526,9699327
worst,4:1,V,100,100,display64,skew,4,5,384,14.138021,6,11,3,0,0.00690333,1048562,9699072,1048562,12058368
worst,4:1,V,100,100,display64,skew,5,6,384,14.820312,6,11,3,0,0.00723648,1048565,14352128,1048565,16776960
worst,4:1,V,100,100,display256,center,-1,-1,2304,470.319444,195,495,147,0,0.01435301,1045666,65365,1046242,65365
worst,4:1,V,100,100,display256,center,0,1,384,469.567708,195,497,151,0,0.01433007,1045058,65365,1045634,65365
worst,4:1,V,100,100,display256,center,1,2,384,471.971354,196,503,149,0,0.01440342,1045074,16777045,1045666,16777045
worst,4:1,V,100,100,display256,center,2,3,384,468.140625,193,495,147,0,0.01428652,1045666,65365,1046242,65365
worst,4:1,V,100,100,display256,center,3,4,384,472.473958,195,496,150,0,0.01441876,1046802,16777045,1047394,16777045
worst,4:1,V,100,100,display256,center,4,5,384,468.018229,195,500,149,0,0.01428278,1047394,65365,1047970,65365
worst,4:1,V,100,100,display256,center,5,6,384,471.744792,195,500,154,0,0.01439651,1047410,16777045,1048002,16777045
worst,4:1,V,100,100,display256,width,-1,-1,1152,306.576389,195,267,164,0,0.00935597,258053,65280,520197,65280
worst,4:1,V,100,100,display256,width,0,1,384,261.317708,196,261,164,0,0.00797478,258053,65280,520197,65280
worst,4:1,V,100,100,display256,width,1,2,384,321.200521,196,273,170,0,0.00980226,520197,65280,782341,65280
worst,4:1,V,100,100,display256,width,2,3,384,337.210938,195,273,166,0,0.01029086,786421,16776960,1048565,16776960
worst,4:1,V,100,100,display256,depth,-1,-1,1152,424.194444,292,438,262,0,0.01294539,90177524,65535,157286388,65535
worst,4:1,V,100,100,display256,depth,0,1,384,423.750000,290,441,264,0,0.01293182,1048564,65535,68157428,65535
worst,4:1,V,100,100,display256,depth,1,2,384,424.127604,291,438,262,0,0.01294335,90177524,65535,157286388,65535
worst,4:1,V,100,100,display256,depth,2,3,384,424.705729,294,438,275,0,0.01296099,179302404,65535,246411268,65535
worst,4:1,V,100,100,display256,neck,-1,-1,1152,98.936632,76,97,67,0,0.00301931,1044486,16776960,1044486,16777024
worst,4:1,V,100,100,display256,neck,0,1,384,93.070312,72,92,67,0,0.00284028,1044486,16776960,1044486,16777024
worst,4:1,V,100,100,display256,neck,1,2,384,98.710938,77,98,69,0,0.00301242,1044486,65365,1044486,65429
worst,4:1,V,100,100,display256,neck,2,3,384,105.028646,81,104,71,0,0.00320522,1048566,65408,1048566,65472
worst,4:1,V,100,100,display256,head,-1,-1,1152,295.133681,183,251,153,0,0.00900677,1044485,16128,1044485,32512
worst,4:1,V,100,100,display256,head,0,1,384,246.486979,182,245,153,0,0.00752219,1044485,16128,1044485,32512
worst,4:1,V,100,100,display256,head,1,2,384,311.020833,183,254,159,0,0.00949160,1048565,32512,1048565,48896
worst,4:1,V,100,100,display256,head,2,3,384,327.893229,183,259,160,0,0.01000651,1048565,16760576,1048565,16776960
worst,4:1,V,100,100,display256,skew,-1,-1,2304,230.059028,111,180,78,0,0.00702084,1044482,4914944,1044482,7274240
worst,4:1,V,100,100,display256,skew,0,1,384,238.226562,103,187,82,0,0.00727010,1044482,65280,1044482,2490112
worst,4:1,V,100,100,display256,skew,1,2,384,230.359375,108,176,82,0,0.00703001,1044482,4783872,1044482,7208704
worst,4:1,V,100,100,display256,skew,2,3,384,220.864583,126,179,78,0,0.00674025,1044482,4914944,1044482,7274240
worst,4:1,V,100,100,display256,skew,3,4,384,222.328125,127,178,78,0,0.00678492,1048562,9568000,1048562,11992832
worst,4:1,V,100,100,display256,skew,4,5,384,229.007812,107,176,81,0,0.00698876,1048566,11992832,1048566,14352128
worst,4:1,V,100,100,display256,skew,5,6,384,239.567708,104,188,81,0,0.00731103,1048562,14352128,1048562,16776960
random,1:2,H,100,100,normalized64,center,-1,-1,384,84.661458,69,83,54,0,0.04133860,155100546,433408,155101122,433408
random,1:2,H,100,100,normalized64,center,0,1,64,85.671875,70,85,61,0,0.04183197,117350445,6391111,117351021,6391111
random,1:2,H,100,100,normalized64,center,1,2,64,83.562500,69,82,55,0,0.04080200,155099954,433408,155100546,433408
random,1:2,H,100,100,normalized64,center,2,3,64,85.125000,71,86,54,0,0.04156494,155100546,433408,155101122,433408
random,1:2,H,100,100,normalized64,center,3,4,64,84.609375,69,86,54,0,0.04131317,155101122,433408,155101714,433408
random,1:2,H,100,100,normalized64,center,4,5,64,84.500000,68,82,57,0,0.04125977,12028509,8286801,12029085,8286801
random,1:2,H,100,100,normalized64,center,5,6,64,84.500000,67,82,56,0,0.04125977,155102290,433408,155102882,433408
random,1:2,H,100,100,normalized64,width,-1,-1,192,32.796875,25,32,16,0,0.01601410,5531723,7294101,5793867,7294101
random,1:2,H,100,100,normalized64,width,0,1,64,32.171875,25,32,16,0,0.01570892,42047699,16266523,42309843,16266523
random,1:2,H,100,100,normalized64,width,1,2,64,32.937500,25,32,16,0,0.01608276,5531723,7294101,5793867,7294101
random,1:2,H,100,100,normalized64,width,2,3,64,33.281250,24,32,18,0,0.01625061,12290061,8286801,12552205,8286801
random,1:2,H,100,100,normalized64,depth,-1,-1,192,47.666667,33,46,23,0,0.02327474,22249764,2714971,89358628,2714971
random,1:2,H,100,100,normalized64,depth,0,1,64,47.984375,34,46,23,0,0.02342987,22249764,2714971,89358628,2714971
random,1:2,H,100,100,normalized64,depth,1,2,64,48.031250,33,48,24,0,0.02345276,95796284,11012162,162905148,11012162
random,1:2,H,100,100,normalized64,depth,2,3,64,46.984375,32,46,23,0,0.02294159,156467492,2714971,223576356,2714971
random,1:2,H,100,100,normalized64,neck,-1,-1,192,10.281250,7,10,3,0,0.00502014,4522078,8221003,4522078,8221067
random,1:2,H,100,100,normalized64,neck,0,1,64,9.625000,7,9,4,0,0.00469971,5531723,7293973,5531723,7294037
random,1:2,H,100,100,normalized64,neck,1,2,64,10.078125,7,10,3,0,0.00492096,4522078,8221003,4522078,8221067
random,1:2,H,100,100,normalized64,neck,2,3,64,11.140625,7,11,4,0,0.00543976,93941238,16358809,93941238,16358873
random,1:2,H,100,100,normalized64,head,-1,-1,192,30.479167,21,30,12,0,0.01488241,12027917,8303185,12027917,8319569
random,1:2,H,100,100,normalized64,head,0,1,64,29.343750,21,29,16,0,0.01432800,10959657,6366215,10959657,6382599
random,1:2,H,100,100,normalized64,head,1,2,64,30.890625,21,31,14,0,0.01508331,5531723,7294101,5531723,7310485
random,1:2,H,100,100,normalized64,head,2,3,64,31.203125,21,30,12,0,0.01523590,12027917,8303185,12027917,8319569
random,1:2,H,100,100,normalized64,skew,-1,-1,384,22.190104,14,21,8,0,0.01083501,37107545,4740562,37107545,7099858
random,1:2,H,100,100,normalized64,skew,0,1,64,22.625000,14,20,11,0,0.01104736,26364675,1526338,26364675,3951170
random,1:2,H,100,100,normalized64,skew,1,2,64,21.687500,13,22,8,0,0.01058960,37107545,4740562,37107545,7099858
random,1:2,H,100,100,normalized64,skew,2,3,64,21.796875,15,21,13,0,0.01064301,224904485,6067906,224904485,8427202
random,1:2,H,100,100,normalized64,skew,3,4,64,22.484375,13,23,11,0,0.01097870,26364675,8735298,26364675,11160130
random,1:2,H,100,100,normalized64,skew,4,5,64,22.406250,15,22,10,0,0.01094055,5531723,9718933,5531723,12078229
random,1:2,H,100,100,normalized64,skew,5,6,64,22.140625,14,21,10,0,0.01081085,84240115,12385766,84240115,14745062
random,1:2,H,100,100,display64,center,-1,-1,384,37.169271,29,37,22,0,0.01814906,155099378,433408,155099954,433408
random,1:2,H,100,100,display64,center,0,1,64,37.421875,30,37,22,0,0.01827240,155099378,433408,155099954,433408
random,1:2,H,100,100,display64,center,1,2,64,36.843750,30,37,23,0,0.01799011,12026749,8286801,12027325,8286801
random,1:2,H,100,100,display64,center,2,3,64,37.046875,29,38,23,0,0.01808929,155100546,433408,155101122,433408
random,1:2,H,100,100,display64,center,3,4,64,37.500000,30,36,24,0,0.01831055,12027917,8286801,12028509,8286801
random,1:2,H,100,100,display64,center,4,5,64,37.000000,29,37,23,0,0.01806641,12028509,8286801,12029085,8286801
random,1:2,H,100,100,display64,center,5,6,64,37.203125,29,38,23,0,0.01816559,12029085,8286801,12029677,8286801
random,1:2,H,100,100,display64,width,-1,-1,192,14.291667,10,14,5,0,0.00697835,5531723,7294101,5793867,7294101
random,1:2,H,100,100,display64,width,0,1,64,14.062500,9,14,8,0,0.00686646,63044649,16676753,63306793,16676753
random,1:2,H,100,100,display64,width,1,2,64,14.734375,10,15,5,0,0.00719452,5531723,7294101,5793867,7294101
random,1:2,H,100,100,display64,width,2,3,64,14.078125,9,13,7,0,0.00687408,117090637,6391111,117352781,6391111
random,1:2,H,100,100,display64,depth,-1,-1,192,21.046875,14,20,9,0,0.01027679,156467492,2714971,223576356,2714971
random,1:2,H,100,100,display64,depth,0,1,64,21.000000,15,20,12,0,0.01025391,22249764,2714971,89358628,2714971
random,1:2,H,100,100,display64,depth,1,2,64,21.671875,14,22,10,0,0.01058197,72725788,6758493,139834652,6758493
random,1:2,H,100,100,display64,depth,2,3,64,20.468750,13,20,9,0,0.00999451,156467492,2714971,223576356,2714971
random,1:2,H,100,100,display64,neck,-1,-1,192,4.562500,2,5,0,4,0.00222778,232132182,9787663,232132182,9787727
random,1:2,H,100,100,display64,neck,0,1,64,4.390625,2,4,0,2,0.00214386,232132182,9787663,232132182,9787727
random,1:2,H,100,100,display64,neck,1,2,64,4.562500,2,5,0,1,0.00222778,232448497,8270940,232448497,8271004
random,1:2,H,100,100,display64,neck,2,3,64,4.734375,3,5,0,1,0.00231171,232132182,9787791,232132182,9787855
random,1:2,H,100,100,display64,head,-1,-1,192,13.510417,9,13,5,0,0.00659688,26364675,8751682,26364675,8768066
random,1:2,H,100,100,display64,head,0,1,64,13.671875,9,13,6,0,0.00667572,12027917,8270417,12027917,8286801
random,1:2,H,100,100,display64,head,1,2,64,12.703125,9,12,5,0,0.00620270,5531723,7294101,5531723,7310485
random,1:2,H,100,100,display64,head,2,3,64,14.156250,9,13,5,0,0.00691223,26364675,8751682,26364675,8768066
random,1:2,H,100,100,display64,skew,-1,-1,384,9.682292,6,9,4,0,0.00472768,5531723,4869269,5531723,7294101
random,1:2,H,100,100,display64,skew,0,1,64,9.703125,6,9,5,0,0.00473785,4522078,1012043,4522078,3436875
random,1:2,H,100,100,display64,skew,1,2,64,9.734375,5,9,5,0,0.00475311,34891939,4567350,34891939,6926646
random,1:2,H,100,100,display64,skew,2,3,64,9.265625,5,9,4,0,0.00452423,5531723,4869269,5531723,7294101
random,1:2,H,100,100,display64,skew,3,4,64,9.968750,6,10,4,0,0.00486755,147959293,7578331,147959293,9937627
random,1:2,H,100,100,display64,skew,4,5,64,9.562500,6,9,5,0,0.00466919,12027917,10711633,12027917,13070929
random,1:2,H,100,100,display64,skew,5,6,64,9.859375,6,9,4,0,0.00481415,155102882,12426496,155102882,14785792
random,1:2,H,100,100,display256,center,-1,-1,384,596.479167,497,590,394,0,0.01820310,155100546,433408,155101122,433408
random,1:2,H,100,100,display256,center,0,1,64,597.156250,494,588,395,0,0.01822376,155099378,433408,155099954,433408
random,1:2,H,100,100,display256,center,1,2,64,595.859375,499,591,401,0,0.01818419,155099954,433408,155100546,433408
random,1:2,H,100,100,display256,center,2,3,64,596.625000,493,595,394,0,0.01820755,155100546,433408,155101122,433408
random,1:2,H,100,100,display256,center,3,4,64,596.156250,499,590,402,0,0.01819324,155101122,433408,155101714,433408
random,1:2,H,100,100,display256,center,4,5,64,596.562500,500,591,395,0,0.01820564,155101714,433408,155102290,433408
random,1:2,H,100,100,display256,center,5,6,64,596.515625,494,593,400,0,0.01820421,155102290,433408,155102882,433408
random,1:2,H,100,100,display256,width,-1,-1,192,230.791667,172,224,133,0,0.00704320,42047699,16266523,42309843,16266523
random,1:2,H,100,100,display256,width,0,1,64,228.000000,172,224,133,0,0.00695801,42047699,16266523,42309843,16266523
random,1:2,H,100,100,display256,width,1,2,64,228.531250,169,227,135,0,0.00697422,42309843,16266523,42571987,16266523
random,1:2,H,100,100,display256,width,2,3,64,235.843750,177,223,136,0,0.00719738,42571987,16266523,42834131,16266523
random,1:2,H,100,100,display256,depth,-1,-1,192,336.901042,239,326,174,0,0.01028140,89358628,2714971,156467492,2714971
random,1:2,H,100,100,display256,depth,0,1,64,336.437500,234,330,177,0,0.01026726,5616924,6758493,72725788,6758493
random,1:2,H,100,100,display256,depth,1,2,64,337.046875,233,327,174,0,0.01028585,89358628,2714971,156467492,2714971
random,1:2,H,100,100,display256,depth,2,3,64,337.218750,240,326,179,0,0.01029110,162905148,11012162,230014012,11012162
random,1:2,H,100,100,display256,neck,-1,-1,192,72.468750,52,69,41,0,0.00221157,26364675,8735234,26364675,8735298
random,1:2,H,100,100,display256,neck,0,1,64,68.406250,48,66,41,0,0.00208759,26364675,8735234,26364675,8735298
random,1:2,H,100,100,display256,neck,1,2,64,72.140625,53,69,41,0,0.00220156,26364675,8735298,26364675,8735362
random,1:2,H,100,100,display256,neck,2,3,64,76.859375,56,75,45,0,0.00234556,26364675,8735362,26364675,8735426
random,1:2,H,100,100,display256,head,-1,-1,192,216.026042,159,211,125,0,0.00659259,26364675,8718914,26364675,8735298
random,1:2,H,100,100,display256,head,0,1,64,209.625000,160,211,125,0,0.00639725,26364675,8718914,26364675,8735298
random,1:2,H,100,100,display256,head,1,2,64,216.031250,155,212,130,0,0.00659275,26364675,8735298,26364675,8751682
random,1:2,H,100,100,display256,head,2,3,64,222.421875,159,207,126,0,0.00678778,26364675,8751682,26364675,8768066
random,1:2,H,100,100,display256,skew,-1,-1,384,156.393229,108,143,79,0,0.00477274,26364675,13519426,26364675,15944258
random,1:2,H,100,100,display256,skew,0,1,64,158.640625,108,143,80,0,0.00484133,26364675,1526338,26364675,3951170
random,1:2,H,100,100,display256,skew,1,2,64,156.468750,107,143,89,0,0.00477505,26364675,3951170,26364675,6310466
random,1:2,H,100,100,display256,skew,2,3,64,152.750000,112,141,87,0,0.00466156,5531723,4869269,5531723,7294101
random,1:2,H,100,100,display256,skew,3,4,64,157.765625,110,146,85,0,0.00481462,26364675,8735298,26364675,11160130
random,1:2,H,100,100,display256,skew,4,5,64,156.937500,110,144,87,0,0.00478935,5531723,9718933,5531723,12078229
random,1:2,H,100,100,display256,skew,5,6,64,155.796875,107,141,79,0,0.00475454,26364675,13519426,26364675,15944258
worst,1:2,H,100,100,normalized64,center,-1,-1,2304,66.776910,26,70,16,0,0.03260591,1047970,65280,1048562,65280
worst,1:2,H,100,100,normalized64,center,0,1,384,66.760417,26,70,18,0,0.03259786,1044482,65280,1045074,65280
worst,1:2,H,100,100,normalized64,center,1,2,384,67.046875,28,71,21,0,0.03273773,1045634,65450,1046226,65450
worst,1:2,H,100,100,normalized64,center,2,3,384,66.291667,26,70,19,0,0.03236898,1045666,65280,1046242,65280
worst,1:2,H,100,100,normalized64,center,3,4,384,66.955729,26,70,19,0,0.03269323,1046802,16776960,1047394,16776960
worst,1:2,H,100,100,normalized64,center,4,5,384,66.567708,28,70,21,0,0.03250376,1046834,65280,1047410,65280
worst,1:2,H,100,100,normalized64,center,5,6,384,67.039062,26,71,16,0,0.03273392,1047970,65280,1048562,65280
worst,1:2,H,100,100,normalized64,width,-1,-1,1152,43.676215,27,38,18,0,0.02132628,262133,16777215,524277,16777215
worst,1:2,H,100,100,normalized64,width,0,1,384,37.882812,28,38,18,0,0.01849747,262133,16777215,524277,16777215
worst,1:2,H,100,100,normalized64,width,1,2,384,45.549479,27,39,22,0,0.02224096,520195,16776960,782339,16776960
worst,1:2,H,100,100,normalized64,width,2,3,384,47.596354,27,38,20,0,0.02324041,782339,65280,1044483,65280
worst,1:2,H,100,100,normalized64,depth,-1,-1,1152,59.384549,41,58,33,0,0.02899636,68153348,16777130,135262212,16777130
worst,1:2,H,100,100,normalized64,depth,0,1,384,59.755208,41,57,35,0,0.02917735,45084676,16777215,112193540,16777215
worst,1:2,H,100,100,normalized64,depth,1,2,384,59.455729,39,59,33,0,0.02903112,68153348,16777130,135262212,16777130
worst,1:2,H,100,100,normalized64,depth,2,3,384,58.942708,41,59,35,0,0.02878062,179306484,16777215,246415348,16777215
worst,1:2,H,100,100,normalized64,neck,-1,-1,1152,14.085069,10,14,7,0,0.00687748,1048561,65343,1048561,65407
worst,1:2,H,100,100,normalized64,neck,0,1,384,12.877604,9,13,7,0,0.00628789,1048561,65343,1048561,65407
worst,1:2,H,100,100,normalized64,neck,1,2,384,14.343750,11,14,10,0,0.00700378,90177521,65407,90177521,65471
worst,1:2,H,100,100,normalized64,neck,2,3,384,15.033854,11,15,7,0,0.00734075,1048563,65408,1048563,65472
worst,1:2,H,100,100,normalized64,head,-1,-1,1152,42.047743,25,36,18,0,0.02053112,1044483,48896,1044483,65280
worst,1:2,H,100,100,normalized64,head,0,1,384,35.765625,26,36,19,0,0.01746368,1044485,16298,1044485,32682
worst,1:2,H,100,100,normalized64,head,1,2,384,44.020833,25,36,20,0,0.02149455,179302403,16744192,179302403,16760576
worst,1:2,H,100,100,normalized64,head,2,3,384,46.356771,25,36,18,0,0.02263514,1044483,48896,1044483,65280
worst,1:2,H,100,100,normalized64,skew,-1,-1,2304,32.736545,16,25,9,0,0.01598464,1044482,2424576,1044482,4783872
worst,1:2,H,100,100,normalized64,skew,0,1,384,33.986979,14,26,9,0,0.01659520,1044482,2424576,1044482,4783872
worst,1:2,H,100,100,normalized64,skew,1,2,384,32.651042,15,25,10,0,0.01594289,1044482,4783872,1044482,7208704
worst,1:2,H,100,100,normalized64,skew,2,3,384,31.476562,17,26,11,0,0.01536942,1044482,4915029,1044482,7274325
worst,1:2,H,100,100,normalized64,skew,3,4,384,31.682292,17,26,11,0,0.01546987,1048562,9568085,1048562,11992917
worst,1:2,H,100,100,normalized64,skew,4,5,384,32.315104,15,24,10,0,0.01577886,1048562,9699072,1048562,12058368
worst,1:2,H,100,100,normalized64,skew,5,6,384,34.307292,15,26,10,0,0.01675161,1048562,12058368,1048562,14483200
worst,1:2,H,100,100,display64,center,-1,-1,2304,29.385417,12,31,6,0,0.01434835,1046242,65365,1046834,65365
worst,1:2,H,100,100,display64,center,0,1,384,29.505208,12,31,8,0,0.01440684,1044482,65280,1045074,65280
worst,1:2,H,100,100,display64,center,1,2,384,29.500000,12,31,8,0,0.01440430,90174034,65280,90174626,65280
worst,1:2,H,100,100,display64,center,2,3,384,29.104167,12,31,6,0,0.01421102,1046226,16777045,1046802,16777045
worst,1:2,H,100,100,display64,center,3,4,384,29.283854,12,32,6,0,0.01429876,1046242,65365,1046834,65365
worst,1:2,H,100,100,display64,center,4,5,384,29.263021,12,31,8,0,0.01428858,90176354,16776960,90176930,16776960
worst,1:2,H,100,100,display64,center,5,6,384,29.656250,12,32,8,0,0.01448059,1047970,65535,1048562,65535
worst,1:2,H,100,100,display64,width,-1,-1,1152,18.909722,11,17,6,0,0.00923326,782339,16777045,1044483,16777045
worst,1:2,H,100,100,display64,width,0,1,384,16.661458,12,17,8,0,0.00813548,258053,65280,520197,65280
worst,1:2,H,100,100,display64,width,1,2,384,19.627604,11,17,7,0,0.00958379,178782195,65280,179044339,65280
worst,1:2,H,100,100,display64,width,2,3,384,20.440104,10,17,6,0,0.00998052,782339,16777045,1044483,16777045
worst,1:2,H,100,100,display64,depth,-1,-1,1152,26.128472,18,26,12,0,0.01275804,157282308,16777045,224391172,16777045
worst,1:2,H,100,100,display64,depth,0,1,384,25.403646,18,23,15,0,0.01240412,67104773,65535,134213637,65535
worst,1:2,H,100,100,display64,depth,1,2,384,27.023438,18,28,13,0,0.01319504,68153348,16777215,135262212,16777215
worst,1:2,H,100,100,display64,depth,2,3,384,25.958333,16,25,12,0,0.01267497,157282308,16777045,224391172,16777045
worst,1:2,H,100,100,display64,neck,-1,-1,1152,6.305556,4,6,2,0,0.00307888,1044483,16776960,1044483,16777024
worst,1:2,H,100,100,display64,neck,0,1,384,5.921875,4,6,2,0,0.00289154,1044483,16776960,1044483,16777024
worst,1:2,H,100,100,display64,neck,1,2,384,6.421875,5,6,4,0,0.00313568,179302403,65344,179302403,65408
worst,1:2,H,100,100,display64,neck,2,3,384,6.572917,5,7,3,0,0.00320943,1044481,65429,1044481,65493
worst,1:2,H,100,100,display64,head,-1,-1,1152,18.230035,11,16,5,0,0.00890138,179306483,32682,179306483,49066
worst,1:2,H,100,100,display64,head,0,1,384,15.750000,12,15,6,0,0.00769043,1044485,16383,1044485,32767
worst,1:2,H,100,100,display64,head,1,2,384,19.088542,11,16,5,0,0.00932058,179306483,32682,179306483,49066
worst,1:2,H,100,100,display64,head,2,3,384,19.851562,10,16,6,0,0.00969315,1044483,16760661,1044483,16777045
worst,1:2,H,100,100,display64,skew,-1,-1,2304,14.265625,6,11,3,0,0.00696564,1044482,4783872,1044482,7208704
worst,1:2,H,100,100,display64,skew,0,1,384,14.622396,6,11,4,0,0.00713984,179302401,65450,179302401,2490282
worst,1:2,H,100,100,display64,skew,1,2,384,14.359375,6,11,3,0,0.00701141,1044482,4783872,1044482,7208704
worst,1:2,H,100,100,display64,skew,2,3,384,13.783854,7,11,4,0,0.00673040,90173446,4915199,90173446,7274495
worst,1:2,H,100,100,display64,skew,3,4,384,13.869792,7,11,4,0,0.00677236,90177526,7274495,90177526,9699327
worst,1:2,H,100,100,display64,skew,4,5,384,14.138021,6,11,3,0,0.00690333,1048562,9699072,1048562,12058368
worst,1:2,H,100,100,display64,skew,5,6,384,14.820312,6,11,3,0,0.00723648,1048565,14352128,1048565,16776960
worst,1:2,H,100,100,display256,center,-1,-1,2304,470.319444,195,495,147,0,0.01435301,1045666,65365,1046242,65365
worst,1:2,H,100,100,display256,center,0,1,384,469.567708,195,497,151,0,0.01433007,1045058,65365,1045634,65365
worst,1:2,H,100,100,display256,center,1,2,384,471.971354,196,503,149,0,0.01440342,1045074,16777045,1045666,16777045
worst,1:2,H,100,100,display256,center,2,3,384,468.140625,193,495,147,0,0.01428652,1045666,65365,1046242,65365
worst,1:2,H,100,100,display256,center,3,4,384,472.473958,195,496,150,0,0.01441876,1046802,16777045,1047394,16777045
worst,1:2,H,100,100,display256,center,4,5,384,468.018229,195,500,149,0,0.01428278,1047394,65365,1047970,65365
worst,1:2,H,100,100,display256,center,5,6,384,471.744792,195,500,154,0,0.01439651,1047410,16777045,1048002,16777045
worst,1:2,H,100,100,display256,width,-1,-1,1152,306.576389,195,267,164,0,0.00935597,258053,65280,520197,65280
worst,1:2,H,100,100,display256,width,0,1,384,261.317708,196,261,164,0,0.00797478,258053,65280,520197,65280
worst,1:2,H,100,100,display256,width,1,2,384,321.200521,196,273,170,0,0.00980226,520197,65280,782341,65280
worst,1:2,H,100,100,display256,width,2,3,384,337.210938,195,273,166,0,0.01029086,786421,16776960,1048565,16776960
worst,1:2,H,100,100,display256,depth,-1,-1,1152,424.194444,292,438,262,0,0.01294539,90177524,65535,157286388,65535
worst,1:2,H,100,100,display256,depth,0,1,384,423.750000,290,441,264,0,0.01293182,1048564,65535,68157428,65535
worst,1:2,H,100,100,display256,depth,1,2,384,424.127604,291,438,262,0,0.01294335,90177524,65535,157286388,65535
worst,1:2,H,100,100,display256,depth,2,3,384,424.705729,294,438,275,0,0.01296099,179302404,65535,246411268,65535
worst,1:2,H,100,100,display256,neck,-1,-1,1152,98.936632,76,97,67,0,0.00301931,1044486,16776960,1044486,16777024
worst,1:2,H,100,100,display256,neck,0,1,384,93.070312,72,92,67,0,0.00284028,1044486,16776960,1044486,16777024
worst,1:2,H,100,100,display256,neck,1,2,384,98.710938,77,98,69,0,0.00301242,1044486,65365,1044486,65429
worst,1:2,H,100,100,display256,neck,2,3,384,105.028646,81,104,71,0,0.00320522,1048566,65408,1048566,65472
worst,1:2,H,100,100,display256,head,-1,-1,1152,295.133681,183,251,153,0,0.00900677,1044485,16128,1044485,32512
worst,1:2,H,100,100,display256,head,0,1,384,246.486979,182,245,153,0,0.00752219,1044485,16128,1044485,32512
worst,1:2,H,100,100,display256,head,1,2,384,311.020833,183,254,159,0,0.00949160,1048565,32512,1048565,48896
worst,1:2,H,100,100,display256,head,2,3,384,327.893229,183,259,160,0,0.01000651,1048565,16760576,1048565,16776960
worst,1:2,H,100,100,display256,skew,-1,-1,2304,230.059028,111,180,78,0,0.00702084,1044482,4914944,1044482,7274240
worst,1:2,H,100,100,display256,skew,0,1,384,238.226562,103,187,82,0,0.00727010,1044482,65280,1044482,2490112
worst,1:2,H,100,100,display256,skew,1,2,384,230.359375,108,176,82,0,0.00703001,1044482,4783872,1044482,7208704
worst,1:2,H,100,100,display256,skew,2,3,384,220.864583,126,179,78,0,0.00674025,1044482,4914944,1044482,7274240
worst,1:2,H,100,100,display256,skew,3,4,384,222.328125,127,178,78,0,0.00678492,1048562,9568000,1048562,11992832
worst,1:2,H,100,100,display256,skew,4,5,384,229.007812,107,176,81,0,0.00698876,1048566,11992832,1048566,14352128
worst,1:2,H,100,100,display256,skew,5,6,384,239.567708,104,188,81,0,0.00731103,1048562,14352128,1048562,16776960
random,1:2,V,200,100,normalized64,center,-1,-1,384,84.684896,69,83,54,0,0.04135005,155100546,433408,155101122,433408
random,1:2,V,200,100,normalized64,center,0,1,64,85.703125,70,85,61,0,0.04184723,117350445,6391111,117351021,6391111
random,1:2,V,200,100,normalized64,center,1,2,64,83.671875,69,82,55,0,0.04085541,155099954,433408,155100546,433408
random,1:2,V,200,100,normalized64,center,2,3,64,84.953125,70,84,54,0,0.04148102,155100546,433408,155101122,433408
random,1:2,V,200,100,normalized64,center,3,4,64,84.687500,68,86,54,0,0.04135132,155101122,433408,155101714,433408
random,1:2,V,200,100,normalized64,center,4,5,64,84.500000,68,82,57,0,0.04125977,12028509,8286801,12029085,8286801
random,1:2,V,200,100,normalized64,center,5,6,64,84.593750,67,83,55,0,0.04130554,155102290,433408,155102882,433408
random,1:2,V,200,100,normalized64,width,-1,-1,192,32.755208,24,32,16,0,0.01599375,42047699,16266523,42309843,16266523
random,1:2,V,200,100,normalized64,width,0,1,64,32.031250,24,32,16,0,0.01564026,42047699,16266523,42309843,16266523
random,1:2,V,200,100,normalized64,width,1,2,64,32.796875,24,32,17,0,0.01601410,5531723,7294101,5793867,7294101
random,1:2,V,200,100,normalized64,width,2,3,64,33.437500,24,32,20,0,0.01632690,12290061,8286801,12552205,8286801
random,1:2,V,200,100,normalized64,depth,-1,-1,192,47.817708,33,46,24,0,0.02334849,5616924,6758493,72725788,6758493
random,1:2,V,200,100,normalized64,depth,0,1,64,48.078125,34,46,24,0,0.02347565,5616924,6758493,72725788,6758493
random,1:2,V,200,100,normalized64,depth,1,2,64,48.187500,33,48,24,0,0.02352905,95796284,11012162,162905148,11012162
random,1:2,V,200,100,normalized64,depth,2,3,64,47.187500,33,46,24,0,0.02304077,162905148,11012162,230014012,11012162
random,1:2,V,200,100,normalized64,neck,-1,-1,192,10.333333,7,10,4,0,0.00504557,176308518,15286136,176308518,15286200
random,1:2,V,200,100,normalized64,neck,0,1,64,9.625000,7,9,5,0,0.00469971,236142270,8171532,236142270,8171596
random,1:2,V,200,100,normalized64,neck,1,2,64,9.906250,6,10,4,0,0.00483704,176308518,15286136,176308518,15286200
random,1:2,V,200,100,normalized64,neck,2,3,64,11.468750,7,11,6,0,0.00559998,220291286,14262205,220291286,14262269
random,1:2,V,200,100,normalized64,head,-1,-1,192,30.406250,21,30,14,0,0.01484680,12027917,8303185,12027917,8319569
random,1:2,V,200,100,normalized64,head,0,1,64,29.453125,21,30,16,0,0.01438141,10959657,6366215,10959657,6382599
random,1:2,V,200,100,normalized64,head,1,2,64,30.765625,20,30,15,0,0.01502228,5531723,7294101,5531723,7310485
random,1:2,V,200,100,normalized64,head,2,3,64,31.000000,21,30,14,0,0.01513672,12027917,8303185,12027917,8319569
random,1:2,V,200,100,normalized64,skew,-1,-1,384,22.255208,14,21,8,0,0.01086680,37107545,4740562,37107545,7099858
random,1:2,V,200,100,normalized64,skew,0,1,64,22.875000,15,20,11,0,0.01116943,26364675,1526338,26364675,3951170
random,1:2,V,200,100,normalized64,skew,1,2,64,21.578125,13,21,8,0,0.01053619,37107545,4740562,37107545,7099858
random,1:2,V,200,100,normalized64,skew,2,3,64,22.000000,15,21,13,0,0.01074219,224904485,6067906,224904485,8427202
random,1:2,V,200,100,normalized64,skew,3,4,64,22.359375,13,22,10,0,0.01091766,88446753,7361622,88446753,9720918
random,1:2,V,200,100,normalized64,skew,4,5,64,22.437500,15,22,10,0,0.01095581,5531723,9718933,5531723,12078229
random,1:2,V,200,100,normalized64,skew,5,6,64,22.281250,14,21,10,0,0.01087952,84240115,12385766,84240115,14745062
random,1:2,V,200,100,display64,center,-1,-1,384,18.789062,15,19,11,0,0.00917435,117351021,6391111,117351613,6391111
random,1:2,V,200,100,display64,center,0,1,64,18.578125,15,18,12,0,0.00907135,89935946,11257031,89936538,11257031
random,1:2,V,200,100,display64,center,1,2,64,19.093750,15,19,11,0,0.00932312,117351021,6391111,117351613,6391111
random,1:2,V,200,100,display64,center,2,3,64,18.609375,15,18,12,0,0.00908661,130733357,832263,130733949,832263
random,1:2,V,200,100,display64,center,3,4,64,18.656250,15,19,12,0,0.00910950,12027917,8286801,12028509,8286801
random,1:2,V,200,100,display64,center,4,5,64,18.843750,15,18,13,0,0.00920105,117352781,6391111,117353373,6391111
random,1:2,V,200,100,display64,center,5,6,64,18.953125,15,19,13,0,0.00925446,12029085,8286801,12029677,8286801
random,1:2,V,200,100,display64,width,-1,-1,192,7.296875,5,7,2,0,0.00356293,14151691,6674332,14413835,6674332
random,1:2,V,200,100,display64,width,0,1,64,7.281250,5,7,2,0,0.00355530,26364675,8735298,26626819,8735298
random,1:2,V,200,100,display64,width,1,2,64,7.125000,4,7,2,0,0.00347900,14151691,6674332,14413835,6674332
random,1:2,V,200,100,display64,width,2,3,64,7.484375,5,7,3,0,0.00365448,5793867,7294101,6056011,7294101
random,1:2,V,200,100,display64,depth,-1,-1,192,10.057292,5,10,3,0,0.00491079,72725788,6758493,139834652,6758493
random,1:2,V,200,100,display64,depth,0,1,64,9.484375,5,8,4,0,0.00463104,12027917,8286801,79136781,8286801
random,1:2,V,200,100,display64,depth,1,2,64,10.640625,5,11,3,0,0.00519562,72725788,6758493,139834652,6758493
random,1:2,V,200,100,display64,depth,2,3,64,10.046875,5,10,4,0,0.00490570,139749451,7294101,206858315,7294101
random,1:2,V,200,100,display64,neck,-1,-1,192,2.375000,1,2,0,6,0.00115967,34891939,14135606,34891939,14135670
random,1:2,V,200,100,display64,neck,0,1,64,2.234375,1,2,0,2,0.00109100,34891939,14135606,34891939,14135670
random,1:2,V,200,100,display64,neck,1,2,64,2.281250,1,2,0,3,0.00111389,26364675,8735298,26364675,8735362
random,1:2,V,200,100,display64,neck,2,3,64,2.609375,1,3,0,1,0.00127411,10959657,6399111,10959657,6399175
random,1:2,V,200,100,display64,head,-1,-1,192,6.697917,4,7,1,0,0.00327047,34891939,14102838,34891939,14119222
random,1:2,V,200,100,display64,head,0,1,64,6.562500,5,6,1,0,0.00320435,34891939,14102838,34891939,14119222
random,1:2,V,200,100,display64,head,1,2,64,6.734375,4,7,1,0,0.00328827,26364675,8735298,26364675,8751682
random,1:2,V,200,100,display64,head,2,3,64,6.796875,4,7,1,0,0.00331879,14413835,6657948,14413835,6674332
random,1:2,V,200,100,display64,skew,-1,-1,384,4.916667,3,5,0,2,0.00240072,206943516,1974365,206943516,4333661
random,1:2,V,200,100,display64,skew,0,1,64,4.906250,2,5,0,1,0.00239563,206943516,1974365,206943516,4333661
random,1:2,V,200,100,display64,skew,1,2,64,5.031250,3,5,2,0,0.00245667,147959293,2794203,147959293,5153499
random,1:2,V,200,100,display64,skew,2,3,64,4.703125,3,5,0,1,0.00229645,206943516,6758493,206943516,9183325
random,1:2,V,200,100,display64,skew,3,4,64,5.125000,3,5,2,0,0.00250244,63568937,9467793,63568937,11892625
random,1:2,V,200,100,display64,skew,4,5,64,4.671875,3,5,2,0,0.00228119,206943516,11542621,206943516,13967453
random,1:2,V,200,100,display64,skew,5,6,64,5.062500,3,4,1,0,0.00247192,71487982,12352487,71487982,14711783
random,1:2,V,200,100,display256,center,-1,-1,384,297.046875,244,295,197,0,0.00906515,155101714,433408,155102290,433408
random,1:2,V,200,100,display256,center,0,1,64,297.578125,245,297,198,0,0.00908136,155099378,433408,155099954,433408
random,1:2,V,200,100,display256,center,1,2,64,296.937500,245,296,199,0,0.00906181,155099954,433408,155100546,433408
random,1:2,V,200,100,display256,center,2,3,64,296.609375,243,298,198,0,0.00905180,12027325,8286801,12027917,8286801
random,1:2,V,200,100,display256,center,3,4,64,296.265625,243,295,199,0,0.00904131,155101122,433408,155101714,433408
random,1:2,V,200,100,display256,center,4,5,64,297.250000,246,297,197,0,0.00907135,155101714,433408,155102290,433408
random,1:2,V,200,100,display256,center,5,6,64,297.640625,247,297,203,0,0.00908327,155102290,433408,155102882,433408
random,1:2,V,200,100,display256,width,-1,-1,192,115.244792,85,113,66,0,0.00351699,42309843,16266523,42571987,16266523
random,1:2,V,200,100,display256,width,0,1,64,113.953125,85,115,68,0,0.00347757,42047699,16266523,42309843,16266523
random,1:2,V,200,100,display256,width,1,2,64,114.250000,86,113,66,0,0.00348663,42309843,16266523,42571987,16266523
random,1:2,V,200,100,display256,width,2,3,64,117.531250,85,113,69,0,0.00358677,42571987,16266523,42834131,16266523
random,1:2,V,200,100,display256,depth,-1,-1,192,169.578125,119,165,82,0,0.00517511,139834652,6758493,206943516,6758493
random,1:2,V,200,100,display256,depth,0,1,64,169.828125,116,166,91,0,0.00518274,22249764,2714971,89358628,2714971
random,1:2,V,200,100,display256,depth,1,2,64,168.265625,113,162,85,0,0.00513506,95796284,11012162,162905148,11012162
random,1:2,V,200,100,display256,depth,2,3,64,170.640625,121,168,82,0,0.00520754,139834652,6758493,206943516,6758493
random,1:2,V,200,100,display256,neck,-1,-1,192,36.427083,27,35,20,0,0.00111167,26364675,8735234,26364675,8735298
random,1:2,V,200,100,display256,neck,0,1,64,34.640625,27,33,20,0,0.00105715,26364675,8735234,26364675,8735298
random,1:2,V,200,100,display256,neck,1,2,64,36.000000,25,35,21,0,0.00109863,26364675,8735298,26364675,8735362
random,1:2,V,200,100,display256,neck,2,3,64,38.640625,29,36,22,0,0.00117922,26364675,8735362,26364675,8735426
random,1:2,V,200,100,display256,head,-1,-1,192,108.177083,78,106,62,0,0.00330130,26364675,8718914,26364675,8735298
random,1:2,V,200,100,display256,head,0,1,64,105.062500,78,106,62,0,0.00320625,26364675,8718914,26364675,8735298
random,1:2,V,200,100,display256,head,1,2,64,108.078125,79,105,63,0,0.00329828,26364675,8735298,26364675,8751682
random,1:2,V,200,100,display256,head,2,3,64,111.390625,78,106,63,0,0.00339937,26364675,8751682,26364675,8768066
random,1:2,V,200,100,display256,skew,-1,-1,384,77.908854,53,70,40,0,0.00237759,26364675,1526338,26364675,3951170
random,1:2,V,200,100,display256,skew,0,1,64,79.234375,53,69,40,0,0.00241804,26364675,1526338,26364675,3951170
random,1:2,V,200,100,display256,skew,1,2,64,78.468750,53,72,43,0,0.00239468,5531723,2509973,5531723,4869269
random,1:2,V,200,100,display256,skew,2,3,64,75.578125,52,69,41,0,0.00230646,26364675,6310466,26364675,8735298
random,1:2,V,200,100,display256,skew,3,4,64,78.531250,51,74,41,0,0.00239658,26364675,8735298,26364675,11160130
random,1:2,V,200,100,display256,skew,4,5,64,77.984375,53,68,43,0,0.00237989,26364675,11160130,26364675,13519426
random,1:2,V,200,100,display256,skew,5,6,64,77.656250,51,71,41,0,0.00236988,26364675,13519426,26364675,15944258
worst,1:2,V,200,100,normalized64,center,-1,-1,2304,66.792969,27,70,17,0,0.03261375,1047970,65280,1048562,65280
worst,1:2,V,200,100,normalized64,center,0,1,384,66.794271,26,71,18,0,0.03261439,1044482,65280,1045074,65280
worst,1:2,V,200,100,normalized64,center,1,2,384,66.979167,28,71,21,0,0.03270467,1045634,65450,1046226,65450
worst,1:2,V,200,100,normalized64,center,2,3,384,66.377604,26,70,19,0,0.03241094,1045666,65280,1046242,65280
worst,1:2,V,200,100,normalized64,center,3,4,384,67.005208,26,71,19,0,0.03271739,1046802,16776960,1047394,16776960
worst,1:2,V,200,100,normalized64,center,4,5,384,66.486979,28,70,21,0,0.03246435,1046834,65280,1047410,65280
worst,1:2,V,200,100,normalized64,center,5,6,384,67.114583,26,71,17,0,0.03277079,1047970,65280,1048562,65280
worst,1:2,V,200,100,normalized64,width,-1,-1,1152,43.676215,27,38,18,0,0.02132628,258053,65535,520197,65535
worst,1:2,V,200,100,normalized64,width,0,1,384,37.789062,28,38,18,0,0.01845169,258053,65535,520197,65535
worst,1:2,V,200,100,normalized64,width,1,2,384,45.463542,27,39,22,0,0.02219899,524275,65450,786419,65450
worst,1:2,V,200,100,normalized64,width,2,3,384,47.776042,27,38,20,0,0.02332815,782339,65280,1044483,65280
worst,1:2,V,200,100,normalized64,depth,-1,-1,1152,59.473090,41,58,32,0,0.02903959,68153348,16777130,135262212,16777130
worst,1:2,V,200,100,normalized64,depth,0,1,384,59.778646,41,57,33,0,0.02918879,67104772,16777215,134213636,16777215
worst,1:2,V,200,100,normalized64,depth,1,2,384,59.494792,39,59,32,0,0.02905019,68153348,16777130,135262212,16777130
worst,1:2,V,200,100,normalized64,depth,2,3,384,59.145833,41,60,35,0,0.02887980,179306484,16777215,246415348,16777215
worst,1:2,V,200,100,normalized64,neck,-1,-1,1152,13.993924,10,14,7,0,0.00683297,1044483,16777088,1044483,16777152
worst,1:2,V,200,100,normalized64,neck,0,1,384,12.861979,9,13,8,0,0.00628026,1048561,65343,1048561,65407
worst,1:2,V,200,100,normalized64,neck,1,2,384,14.385417,11,14,8,0,0.00702413,1044486,65344,1044486,65408
worst,1:2,V,200,100,normalized64,neck,2,3,384,14.734375,11,15,7,0,0.00719452,1044483,16777088,1044483,16777152
worst,1:2,V,200,100,normalized64,head,-1,-1,1152,42.058160,26,36,18,0,0.02053621,1044483,48896,1044483,65280
worst,1:2,V,200,100,normalized64,head,0,1,384,35.710938,26,36,18,0,0.01743698,1044485,16298,1044485,32682
worst,1:2,V,200,100,normalized64,head,1,2,384,43.960938,26,37,21,0,0.02146530,179306483,32512,179306483,48896
worst,1:2,V,200,100,normalized64,head,2,3,384,46.502604,26,36,18,0,0.02270635,1044483,48896,1044483,65280
worst,1:2,V,200,100,normalized64,skew,-1,-1,2304,32.780816,16,25,10,0,0.01600626,1044482,2424576,1044482,4783872
worst,1:2,V,200,100,normalized64,skew,0,1,384,34.036458,14,26,10,0,0.01661936,1044482,2424576,1044482,4783872
worst,1:2,V,200,100,normalized64,skew,1,2,384,32.776042,15,25,11,0,0.01600393,1044486,2490197,1044486,4915029
worst,1:2,V,200,100,normalized64,skew,2,3,384,31.424479,17,26,11,0,0.01534398,1044482,4915029,1044482,7274325
worst,1:2,V,200,100,normalized64,skew,3,4,384,31.643229,17,25,11,0,0.01545080,1048562,9568085,1048562,11992917
worst,1:2,V,200,100,normalized64,skew,4,5,384,32.427083,15,24,11,0,0.01583354,1048562,9699072,1048562,12058368
worst,1:2,V,200,100,normalized64,skew,5,6,384,34.377604,15,26,10,0,0.01678594,1048562,12058368,1048562,14483200
worst,1:2,V,200,100,display64,center,-1,-1,2304,14.720486,6,16,3,0,0.00718774,1045074,65450,1045666,65450
worst,1:2,V,200,100,display64,center,0,1,384,14.856771,6,16,3,0,0.00725428,179302402,16777045,179302994,16777045
worst,1:2,V,200,100,display64,center,1,2,384,14.601562,6,15,3,0,0.00712967,1045074,65450,1045666,65450
worst,1:2,V,200,100,display64,center,2,3,384,14.632812,6,15,3,0,0.00714493,179303586,65535,179304162,65535
worst,1:2,V,200,100,display64,center,3,4,384,14.815104,6,16,3,0,0.00723394,1046242,65450,1046834,65450
worst,1:2,V,200,100,display64,center,4,5,384,14.497396,6,15,3,0,0.00707881,90176354,65280,90176930,65280
worst,1:2,V,200,100,display64,center,5,6,384,14.919271,6,16,3,0,0.00728480,179305890,65365,179306482,65365
worst,1:2,V,200,100,display64,width,-1,-1,1152,9.636285,6,8,3,0,0.00470522,89911299,65365,90173443,65365
worst,1:2,V,200,100,display64,width,0,1,384,8.171875,5,8,3,0,0.00399017,258053,65280,520197,65280
worst,1:2,V,200,100,display64,width,1,2,384,10.010417,6,8,3,0,0.00488790,267907077,65280,268169221,65280
worst,1:2,V,200,100,display64,width,2,3,384,10.726562,6,8,3,0,0.00523758,89911299,65365,90173443,65365
worst,1:2,V,200,100,display64,depth,-1,-1,1152,12.563368,6,12,2,0,0.00613446,134213636,16776960,201322500,16776960
worst,1:2,V,200,100,display64,depth,0,1,384,12.098958,7,10,6,0,0.00590769,67104772,65535,134213636,65535
worst,1:2,V,200,100,display64,depth,1,2,384,13.937500,5,14,2,0,0.00680542,134213636,16776960,201322500,16776960
worst,1:2,V,200,100,display64,depth,2,3,384,11.653646,6,12,3,0,0.00569026,201322499,65535,268431363,65535
worst,1:2,V,200,100,display64,neck,-1,-1,1152,3.181424,2,3,1,0,0.00155343,1044481,65280,1044481,65344
worst,1:2,V,200,100,display64,neck,0,1,384,3.036458,2,3,1,0,0.00148265,1044481,65280,1044481,65344
worst,1:2,V,200,100,display64,neck,1,2,384,3.197917,2,3,1,0,0.00156148,1044481,16777087,1044481,16777151
worst,1:2,V,200,100,display64,neck,2,3,384,3.309896,2,3,1,0,0.00161616,1044483,16777088,1044483,16777152
worst,1:2,V,200,100,display64,head,-1,-1,1152,9.341146,5,8,3,0,0.00456111,90173443,48981,90173443,65365
worst,1:2,V,200,100,display64,head,0,1,384,7.796875,5,8,3,0,0.00380707,1044485,16128,1044485,32512
worst,1:2,V,200,100,display64,head,1,2,384,9.726562,5,8,3,0,0.00474930,90173443,16744277,90173443,16760661
worst,1:2,V,200,100,display64,head,2,3,384,10.500000,5,8,3,0,0.00512695,90173443,48981,90173443,65365
worst,1:2,V,200,100,display64,skew,-1,-1,2304,7.252170,3,6,0,3,0.00354110,1044486,4915029,1044486,7274325
worst,1:2,V,200,100,display64,skew,0,1,384,7.468750,3,6,1,0,0.00364685,1044486,65450,1044486,2490282
worst,1:2,V,200,100,display64,skew,1,2,384,7.322917,3,5,1,0,0.00357564,1044483,2490367,1044483,4915199
worst,1:2,V,200,100,display64,skew,2,3,384,6.945312,3,6,0,2,0.00339127,1044486,4915029,1044486,7274325
worst,1:2,V,200,100,display64,skew,3,4,384,6.958333,3,6,0,1,0.00339762,1048566,9568085,1048566,11992917
worst,1:2,V,200,100,display64,skew,4,5,384,7.283854,3,5,1,0,0.00355657,1048563,11993087,1048563,14352383
worst,1:2,V,200,100,display64,skew,5,6,384,7.533854,3,6,1,0,0.00367864,179306486,12058453,179306486,14483285
worst,1:2,V,200,100,display256,center,-1,-1,2304,234.482205,96,246,73,0,0.00715583,1046226,16776960,1046802,16776960
worst,1:2,V,200,100,display256,center,0,1,384,234.502604,96,247,74,0,0.00715645,1044482,16776960,1045074,16776960
worst,1:2,V,200,100,display256,center,1,2,384,235.179688,96,249,76,0,0.00717711,1045074,65365,1045666,65365
worst,1:2,V,200,100,display256,center,2,3,384,233.221354,94,246,73,0,0.00711735,1046226,16776960,1046802,16776960
worst,1:2,V,200,100,display256,center,3,4,384,235.119792,95,247,75,0,0.00717529,1046802,65450,1047394,65450
worst,1:2,V,200,100,display256,center,4,5,384,233.239583,96,245,76,0,0.00711791,1046834,16776960,1047410,16776960
worst,1:2,V,200,100,display256,center,5,6,384,235.630208,96,249,75,0,0.00719086,1047410,65365,1048002,65365
worst,1:2,V,200,100,display256,width,-1,-1,1152,152.994792,98,134,79,0,0.00466903,520197,16776960,782341,16776960
worst,1:2,V,200,100,display256,width,0,1,384,130.937500,98,131,83,0,0.00399590,262131,16776960,524275,16776960
worst,1:2,V,200,100,display256,width,1,2,384,160.098958,98,135,79,0,0.00488583,520197,16776960,782341,16776960
worst,1:2,V,200,100,display256,width,2,3,384,167.947917,98,138,87,0,0.00512536,782341,65280,1044485,65280
worst,1:2,V,200,100,display256,depth,-1,-1,1152,212.968750,147,217,128,0,0.00649929,112193540,65535,179302404,65535
worst,1:2,V,200,100,display256,depth,0,1,384,213.104167,149,217,128,0,0.00650342,67108852,16777215,134217716,16777215
worst,1:2,V,200,100,display256,depth,1,2,384,211.825521,141,217,128,0,0.00646440,112193540,65535,179302404,65535
worst,1:2,V,200,100,display256,depth,2,3,384,213.976562,153,218,128,0,0.00653005,135266292,65535,202375156,65535
worst,1:2,V,200,100,display256,neck,-1,-1,1152,49.520833,38,49,31,0,0.00151126,1044486,16776960,1044486,16777024
worst,1:2,V,200,100,display256,neck,0,1,384,46.757812,36,46,31,0,0.00142694,1044486,16776960,1044486,16777024
worst,1:2,V,200,100,display256,neck,1,2,384,49.062500,38,48,33,0,0.00149727,1044483,65344,1044483,65408
worst,1:2,V,200,100,display256,neck,2,3,384,52.742188,41,53,35,0,0.00160956,1044486,65450,1044486,65514
worst,1:2,V,200,100,display256,head,-1,-1,1152,147.409722,92,126,77,0,0.00449859,1044485,16744192,1044485,16760576
worst,1:2,V,200,100,display256,head,0,1,384,123.458333,92,122,79,0,0.00376765,1048563,16727808,1048563,16744192
worst,1:2,V,200,100,display256,head,1,2,384,155.549479,92,126,77,0,0.00474699,1044485,16744192,1044485,16760576
worst,1:2,V,200,100,display256,head,2,3,384,163.221354,91,131,81,0,0.00498112,1044483,48981,1044483,65365
worst,1:2,V,200,100,display256,skew,-1,-1,2304,114.663628,56,88,39,0,0.00349926,1044482,4914944,1044482,7274240
worst,1:2,V,200,100,display256,skew,0,1,384,119.023438,52,92,40,0,0.00363231,1044485,65535,1044485,2490367
worst,1:2,V,200,100,display256,skew,1,2,384,114.424479,53,88,39,0,0.00349196,1044486,2490197,1044486,4915029
worst,1:2,V,200,100,display256,skew,2,3,384,110.328125,64,88,39,0,0.00336695,1044482,4914944,1044482,7274240
worst,1:2,V,200,100,display256,skew,3,4,384,111.223958,65,88,39,0,0.00339429,1048562,9568000,1048562,11992832
worst,1:2,V,200,100,display256,skew,4,5,384,113.588542,52,87,39,0,0.00346645,1048566,9699157,1048566,12058453
worst,1:2,V,200,100,display256,skew,5,6,384,119.393229,52,92,41,0,0.00364359,1048566,14352128,1048566,16776960
random,1:4,H,100,100,normalized64,center,-1,-1,384,84.661458,69,83,54,0,0.04133860,155100546,433408,155101122,433408
random,1:4,H,100,100,normalized64,center,0,1,64,85.671875,70,85,61,0,0.04183197,117350445,6391111,117351021,6391111
random,1:4,H,100,100,normalized64,center,1,2,64,83.562500,69,82,55,0,0.04080200,155099954,433408,155100546,433408
random,1:4,H,100,100,normalized64,center,2,3,64,85.125000,71,86,54,0,0.04156494,155100546,433408,155101122,433408
random,1:4,H,100,100,normalized64,center,3,4,64,84.609375,69,86,54,0,0.04131317,155101122,433408,155101714,433408
random,1:4,H,100,100,normalized64,center,4,5,64,84.500000,68,82,57,0,0.04125977,12028509,8286801,12029085,8286801
random,1:4,H,100,100,normalized64,center,5,6,64,84.500000,67,82,56,0,0.04125977,155102290,433408,155102882,433408
random,1:4,H,100,100,normalized64,width,-1,-1,192,32.796875,25,32,16,0,0.01601410,5531723,7294101,5793867,7294101
random,1:4,H,100,100,normalized64,width,0,1,64,32.171875,25,32,16,0,0.01570892,42047699,16266523,42309843,16266523
random,1:4,H,100,100,normalized64,width,1,2,64,32.937500,25,32,16,0,0.01608276,5531723,7294101,5793867,7294101
random,1:4,H,100,100,normalized64,width,2,3,64,33.281250,24,32,18,0,0.01625061,12290061,8286801,12552205,8286801
random,1:4,H,100,100,normalized64,depth,-1,-1,192,47.666667,33,46,23,0,0.02327474,22249764,2714971,89358628,2714971
random,1:4,H,100,100,normalized64,depth,0,1,64,47.984375,34,46,23,0,0.02342987,22249764,2714971,89358628,2714971
random,1:4,H,100,100,normalized64,depth,1,2,64,48.031250,33,48,24,0,0.02345276,95796284,11012162,162905148,11012162
random,1:4,H,100,100,normalized64,depth,2,3,64,46.984375,32,46,23,0,0.02294159,156467492,2714971,223576356,2714971
random,1:4,H,100,100,normalized64,neck,-1,-1,192,10.281250,7,10,3,0,0.00502014,4522078,8221003,4522078,8221067
random,1:4,H,100,100,normalized64,neck,0,1,64,9.625000,7,9,4,0,0.00469971,5531723,7293973,5531723,7294037
random,1:4,H,100,100,normalized64,neck,1,2,64,10.078125,7,10,3,0,0.00492096,4522078,8221003,4522078,8221067
random,1:4,H,100,100,normalized64,neck,2,3,64,11.140625,7,11,4,0,0.00543976,93941238,16358809,93941238,16358873
random,1:4,H,100,100,normalized64,head,-1,-1,192,30.479167,21,30,12,0,0.01488241,12027917,8303185,12027917,8319569
random,1:4,H,100,100,normalized64,head,0,1,64,29.343750,21,29,16,0,0.01432800,10959657,6366215,10959657,6382599
random,1:4,H,100,100,normalized64,head,1,2,64,30.890625,21,31,14,0,0.01508331,5531723,7294101,5531723,7310485
random,1:4,H,100,100,normalized64,head,2,3,64,31.203125,21,30,12,0,0.01523590,12027917,8303185,12027917,8319569
random,1:4,H,100,100,normalized64,skew,-1,-1,384,22.190104,14,21,8,0,0.01083501,37107545,4740562,37107545,7099858
random,1:4,H,100,100,normalized64,skew,0,1,64,22.625000,14,20,11,0,0.01104736,26364675,1526338,26364675,3951170
random,1:4,H,100,100,normalized64,skew,1,2,64,21.687500,13,22,8,0,0.01058960,37107545,4740562,37107545,7099858
random,1:4,H,100,100,normalized64,skew,2,3,64,21.796875,15,21,13,0,0.01064301,224904485,6067906,224904485,8427202
random,1:4,H,100,100,normalized64,skew,3,4,64,22.484375,13,23,11,0,0.01097870,26364675,8735298,26364675,11160130
random,1:4,H,100,100,normalized64,skew,4,5,64,22.406250,15,22,10,0,0.01094055,5531723,9718933,5531723,12078229
random,1:4,H,100,100,normalized64,skew,5,6,64,22.140625,14,21,10,0,0.01081085,84240115,12385766,84240115,14745062
random,1:4,H,100,100,display64,center,-1,-1,384,37.169271,29,37,22,0,0.01814906,155099378,433408,155099954,433408
random,1:4,H,100,100,display64,center,0,1,64,37.421875,30,37,22,0,0.01827240,155099378,433408,155099954,433408
random,1:4,H,100,100,display64,center,1,2,64,36.843750,30,37,23,0,0.01799011,12026749,8286801,12027325,8286801
random,1:4,H,100,100,display64,center,2,3,64,37.046875,29,38,23,0,0.01808929,155100546,433408,155101122,433408
random,1:4,H,100,100,display64,center,3,4,64,37.500000,30,36,24,0,0.01831055,12027917,8286801,12028509,8286801
random,1:4,H,100,100,display64,center,4,5,64,37.000000,29,37,23,0,0.01806641,12028509,8286801,12029085,8286801
random,1:4,H,100,100,display64,center,5,6,64,37.203125,29,38,23,0,0.01816559,12029085,8286801,12029677,8286801
random,1:4,H,100,100,display64,width,-1,-1,192,14.291667,10,14,5,0,0.00697835,5531723,7294101,5793867,7294101
random,1:4,H,100,100,display64,width,0,1,64,14.062500,9,14,8,0,0.00686646,63044649,16676753,63306793,16676753
random,1:4,H,100,100,display64,width,1,2,64,14.734375,10,15,5,0,0.00719452,5531723,7294101,5793867,7294101
random,1:4,H,100,100,display64,width,2,3,64,14.078125,9,13,7,0,0.00687408,117090637,6391111,117352781,6391111
random,1:4,H,100,100,display64,depth,-1,-1,192,21.046875,14,20,9,0,0.01027679,156467492,2714971,223576356,2714971
random,1:4,H,100,100,display64,depth,0,1,64,21.000000,15,20,12,0,0.01025391,22249764,2714971,89358628,2714971
random,1:4,H,100,100,display64,depth,1,2,64,21.671875,14,22,10,0,0.01058197,72725788,6758493,139834652,6758493
random,1:4,H,100,100,display64,depth,2,3,64,20.468750,13,20,9,0,0.00999451,156467492,2714971,223576356,2714971
random,1:4,H,100,100,display64,neck,-1,-1,192,4.562500,2,5,0,4,0.00222778,232132182,9787663,232132182,9787727
random,1:4,H,100,100,display64,neck,0,1,64,4.390625,2,4,0,2,0.00214386,232132182,9787663,232132182,9787727
random,1:4,H,100,100,display64,neck,1,2,64,4.562500,2,5,0,1,0.00222778,232448497,8270940,232448497,8271004
random,1:4,H,100,100,display64,neck,2,3,64,4.734375,3,5,0,1,0.00231171,232132182,9787791,232132182,9787855
random,1:4,H,100,100,display64,head,-1,-1,192,13.510417,9,13,5,0,0.00659688,26364675,8751682,26364675,8768066
random,1:4,H,100,100,display64,head,0,1,64,13.671875,9,13,6,0,0.00667572,12027917,8270417,12027917,8286801
random,1:4,H,100,100,display64,head,1,2,64,12.703125,9,12,5,0,0.00620270,5531723,7294101,5531723,7310485
random,1:4,H,100,100,display64,head,2,3,64,14.156250,9,13,5,0,0.00691223,26364675,8751682,26364675,8768066
random,1:4,H,100,100,display64,skew,-1,-1,384,9.682292,6,9,4,0,0.00472768,5531723,4869269,5531723,7294101
random,1:4,H,100,100,display64,skew,0,1,64,9.703125,6,9,5,0,0.00473785,4522078,1012043,4522078,3436875
random,1:4,H,100,100,display64,skew,1,2,64,9.734375,5,9,5,0,0.00475311,34891939,4567350,34891939,6926646
random,1:4,H,100,100,display64,skew,2,3,64,9.265625,5,9,4,0,0.00452423,5531723,4869269,5531723,7294101
random,1:4,H,100,100,display64,skew,3,4,64,9.968750,6,10,4,0,0.00486755,147959293,7578331,147959293,9937627
random,1:4,H,100,100,display64,skew,4,5,64,9.562500,6,9,5,0,0.00466919,12027917,10711633,12027917,13070929
random,1:4,H,100,100,display64,skew,5,6,64,9.859375,6,9,4,0,0.00481415,155102882,12426496,155102882,14785792
random,1:4,H,100,100,display256,center,-1,-1,384,596.479167,497,590,394,0,0.01820310,155100546,433408,155101122,433408
random,1:4,H,100,100,display256,center,0,1,64,597.156250,494,588,395,0,0.01822376,155099378,433408,155099954,433408
random,1:4,H,100,100,display256,center,1,2,64,595.859375,499,591,401,0,0.01818419,155099954,433408,155100546,433408
random,1:4,H,100,100,display256,center,2,3,64,596.625000,493,595,394,0,0.01820755,155100546,433408,155101122,433408
random,1:4,H,100,100,display256,center,3,4,64,596.156250,499,590,402,0,0.01819324,155101122,433408,155101714,433408
random,1:4,H,100,100,display256,center,4,5,64,596.562500,500,591,395,0,0.01820564,155101714,433408,155102290,433408
random,1:4,H,100,100,display256,center,5,6,64,596.515625,494,593,400,0,0.01820421,155102290,433408,155102882,433408
random,1:4,H,100,100,display256,width,-1,-1,192,230.791667,172,224,133,0,0.00704320,42047699,16266523,42309843,16266523
random,1:4,H,100,100,display256,width,0,1,64,228.000000,172,224,133,0,0.00695801,42047699,16266523,42309843,16266523
random,1:4,H,100,100,display256,width,1,2,64,228.531250,169,227,135,0,0.00697422,42309843,16266523,42571987,16266523
random,1:4,H,100,100,display256,width,2,3,64,235.843750,177,223,136,0,0.00719738,42571987,16266523,42834131,16266523
random,1:4,H,100,100,display256,depth,-1,-1,192,336.901042,239,326,174,0,0.01028140,89358628,2714971,156467492,2714971
random,1:4,H,100,100,display256,depth,0,1,64,336.437500,234,330,177,0,0.01026726,5616924,6758493,72725788,6758493
random,1:4,H,100,100,display256,depth,1,2,64,337.046875,233,327,174,0,0.01028585,89358628,2714971,156467492,2714971
random,1:4,H,100,100,display256,depth,2,3,64,337.218750,240,326,179,0,0.01029110,162905148,11012162,230014012,11012162
random,1:4,H,100,100,display256,neck,-1,-1,192,72.468750,52,69,41,0,0.00221157,26364675,8735234,26364675,8735298
random,1:4,H,100,100,display256,neck,0,1,64,68.406250,48,66,41,0,0.00208759,26364675,8735234,26364675,8735298
random,1:4,H,100,100,display256,neck,1,2,64,72.140625,53,69,41,0,0.00220156,26364675,8735298,26364675,8735362
random,1:4,H,100,100,display256,neck,2,3,64,76.859375,56,75,45,0,0.00234556,26364675,8735362,26364675,8735426
random,1:4,H,100,100,display256,head,-1,-1,192,216.026042,159,211,125,0,0.00659259,26364675,8718914,26364675,8735298
random,1:4,H,100,100,display256,head,0,1,64,209.625000,160,211,125,0,0.00639725,26364675,8718914,26364675,8735298
random,1:4,H,100,100,display256,head,1,2,64,216.031250,155,212,130,0,0.00659275,26364675,8735298,26364675,8751682
random,1:4,H,100,100,display256,head,2,3,64,222.421875,159,207,126,0,0.00678778,26364675,8751682,26364675,8768066
random,1:4,H,100,100,display256,skew,-1,-1,384,156.393229,108,143,79,0,0.00477274,26364675,13519426,26364675,15944258
random,1:4,H,100,100,display256,skew,0,1,64,158.640625,108,143,80,0,0.00484133,26364675,1526338,26364675,3951170
random,1:4,H,100,100,display256,skew,1,2,64,156.468750,107,143,89,0,0.00477505,26364675,3951170,26364675,6310466
random,1:4,H,100,100,display256,skew,2,3,64,152.750000,112,141,87,0,0.00466156,5531723,4869269,5531723,7294101
random,1:4,H,100,100,display256,skew,3,4,64,157.765625,110,146,85,0,0.00481462,26364675,8735298,26364675,11160130
random,1:4,H,100,100,display256,skew,4,5,64,156.937500,110,144,87,0,0.00478935,5531723,9718933,5531723,12078229
random,1:4,H,100,100,display256,skew,5,6,64,155.796875,107,141,79,0,0.00475454,26364675,13519426,26364675,15944258
worst,1:4,H,100,100,normalized64,center,-1,-1,2304,66.776910,26,70,16,0,0.03260591,1047970,65280,1048562,65280
worst,1:4,H,100,100,normalized64,center,0,1,384,66.760417,26,70,18,0,0.03259786,1044482,65280,1045074,65280
worst,1:4,H,100,100,normalized64,center,1,2,384,67.046875,28,71,21,0,0.03273773,1045634,65450,1046226,65450
worst,1:4,H,100,100,normalized64,center,2,3,384,66.291667,26,70,19,0,0.03236898,1045666,65280,1046242,65280
worst,1:4,H,100,100,normalized64,center,3,4,384,66.955729,26,70,19,0,0.03269323,1046802,16776960,1047394,16776960
worst,1:4,H,100,100,normalized64,center,4,5,384,66.567708,28,70,21,0,0.03250376,1046834,65280,1047410,65280
worst,1:4,H,100,100,normalized64,center,5,6,384,67.039062,26,71,16,0,0.03273392,1047970,65280,1048562,65280
worst,1:4,H,100,100,normalized64,width,-1,-1,1152,43.676215,27,38,18,0,0.02132628,262133,16777215,524277,16777215
worst,1:4,H,100,100,normalized64,width,0,1,384,37.882812,28,38,18,0,0.01849747,262133,16777215,524277,16777215
worst,1:4,H,100,100,normalized64,width,1,2,384,45.549479,27,39,22,0,0.02224096,520195,16776960,782339,16776960
worst,1:4,H,100,100,normalized64,width,2,3,384,47.596354,27,38,20,0,0.02324041,782339,65280,1044483,65280
worst,1:4,H,100,100,normalized64,depth,-1,-1,1152,59.384549,41,58,33,0,0.02899636,68153348,16777130,135262212,16777130
worst,1:4,H,100,100,normalized64,depth,0,1,384,59.755208,41,57,35,0,0.02917735,45084676,16777215,112193540,16777215
worst,1:4,H,100,100,normalized64,depth,1,2,384,59.455729,39,59,33,0,0.02903112,68153348,16777130,135262212,16777130
worst,1:4,H,100,100,normalized64,depth,2,3,384,58.942708,41,59,35,0,0.02878062,179306484,16777215,246415348,16777215
worst,1:4,H,100,100,normalized64,neck,-1,-1,1152,14.085069,10,14,7,0,0.00687748,1048561,65343,1048561,65407
worst,1:4,H,100,100,normalized64,neck,0,1,384,12.877604,9,13,7,0,0.00628789,1048561,65343,1048561,65407
worst,1:4,H,100,100,normalized64,neck,1,2,384,14.343750,11,14,10,0,0.00700378,90177521,65407,90177521,65471
worst,1:4,H,100,100,normalized64,neck,2,3,384,15.033854,11,15,7,0,0.00734075,1048563,65408,1048563,65472
worst,1:4,H,100,100,normalized64,head,-1,-1,1152,42.047743,25,36,18,0,0.02053112,1044483,48896,1044483,65280
worst,1:4,H,100,100,normalized64,head,0,1,384,35.765625,26,36,19,0,0.01746368,1044485,16298,1044485,32682
worst,1:4,H,100,100,normalized64,head,1,2,384,44.020833,25,36,20,0,0.02149455,179302403,16744192,179302403,16760576
worst,1:4,H,100,100,normalized64,head,2,3,384,46.356771,25,36,18,0,0.02263514,1044483,48896,1044483,65280
worst,1:4,H,100,100,normalized64,skew,-1,-1,2304,32.736545,16,25,9,0,0.01598464,1044482,2424576,1044482,4783872
worst,1:4,H,100,100,normalized64,skew,0,1,384,33.986979,14,26,9,0,0.01659520,1044482,2424576,1044482,4783872
worst,1:4,H,100,100,normalized64,skew,1,2,384,32.651042,15,25,10,0,0.01594289,1044482,4783872,1044482,7208704
worst,1:4,H,100,100,normalized64,skew,2,3,384,31.476562,17,26,11,0,0.01536942,1044482,4915029,1044482,7274325
worst,1:4,H,100,100,normalized64,skew,3,4,384,31.682292,17,26,11,0,0.01546987,1048562,9568085,1048562,11992917
worst,1:4,H,100,100,normalized64,skew,4,5,384,32.315104,15,24,10,0,0.01577886,1048562,9699072,1048562,12058368
worst,1:4,H,100,100,normalized64,skew,5,6,384,34.307292,15,26,10,0,0.01675161,1048562,12058368,1048562,14483200
worst,1:4,H,100,100,display64,center,-1,-1,2304,29.385417,12,31,6,0,0.01434835,1046242,65365,1046834,65365
worst,1:4,H,100,100,display64,center,0,1,384,29.505208,12,31,8,0,0.01440684,1044482,65280,1045074,65280
worst,1:4,H,100,100,display64,center,1,2,384,29.500000,12,31,8,0,0.01440430,90174034,65280,90174626,65280
worst,1:4,H,100,100,display64,center,2,3,384,29.104167,12,31,6,0,0.01421102,1046226,16777045,1046802,16777045
worst,1:4,H,100,100,display64,center,3,4,384,29.283854,12,32,6,0,0.01429876,1046242,65365,1046834,65365
worst,1:4,H,100,100,display64,center,4,5,384,29.263021,12,31,8,0,0.01428858,90176354,16776960,90176930,16776960
worst,1:4,H,100,100,display64,center,5,6,384,29.656250,12,32,8,0,0.01448059,1047970,65535,1048562,65535
worst,1:4,H,100,100,display64,width,-1,-1,1152,18.909722,11,17,6,0,0.00923326,782339,16777045,1044483,16777045
worst,1:4,H,100,100,display64,width,0,1,384,16.661458,12,17,8,0,0.00813548,258053,65280,520197,65280
worst,1:4,H,100,100,display64,width,1,2,384,19.627604,11,17,7,0,0.00958379,178782195,65280,179044339,65280
worst,1:4,H,100,100,display64,width,2,3,384,20.440104,10,17,6,0,0.00998052,782339,16777045,1044483,16777045
worst,1:4,H,100,100,display64,depth,-1,-1,1152,26.128472,18,26,12,0,0.01275804,157282308,16777045,224391172,16777045
worst,1:4,H,100,100,display64,depth,0,1,384,25.403646,18,23,15,0,0.01240412,67104773,65535,134213637,65535
worst,1:4,H,100,100,display64,depth,1,2,384,27.023438,18,28,13,0,0.01319504,68153348,16777215,135262212,16777215
worst,1:4,H,100,100,display64,depth,2,3,384,25.958333,16,25,12,0,0.01267497,157282308,16777045,224391172,16777045
worst,1:4,H,100,100,display64,neck,-1,-1,1152,6.305556,4,6,2,0,0.00307888,1044483,16776960,1044483,16777024
worst,1:4,H,100,100,display64,neck,0,1,384,5.921875,4,6,2,0,0.00289154,1044483,16776960,1044483,16777024
worst,1:4,H,100,100,display64,neck,1,2,384,6.421875,5,6,4,0,0.00313568,179302403,65344,179302403,65408
worst,1:4,H,100,100,display64,neck,2,3,384,6.572917,5,7,3,0,0.00320943,1044481,65429,1044481,65493
worst,1:4,H,100,100,display64,head,-1,-1,1152,18.230035,11,16,5,0,0.00890138,179306483,32682,179306483,49066
worst,1:4,H,100,100,display64,head,0,1,384,15.750000,12,15,6,0,0.00769043,1044485,16383,1044485,32767
worst,1:4,H,100,100,display64,head,1,2,384,19.088542,11,16,5,0,0.00932058,179306483,32682,179306483,49066
worst,1:4,H,100,100,display64,head,2,3,384,19.851562,10,16,6,0,0.00969315,1044483,16760661,1044483,16777045
worst,1:4,H,100,100,display64,skew,-1,-1,2304,14.265625,6,11,3,0,0.00696564,1044482,4783872,1044482,7208704
worst,1:4,H,100,100,display64,skew,0,1,384,14.622396,6,11,4,0,0.00713984,179302401,65450,179302401,2490282
worst,1:4,H,100,100,display64,skew,1,2,384,14.359375,6,11,3,0,0.00701141,1044482,4783872,1044482,7208704
worst,1:4,H,100,100,display64,skew,2,3,384,13.783854,7,11,4,0,0.00673040,90173446,4915199,90173446,7274495
worst,1:4,H,100,100,display64,skew,3,4,384,13.869792,7,11,4,0,0.00677236,90177526,7274495,90177526,9699327
worst,1:4,H,100,100,display64,skew,4,5,384,14.138021,6,11,3,0,0.00690333,1048562,9699072,1048562,12058368
worst,1:4,H,100,100,display64,skew,5,6,384,14.820312,6,11,3,0,0.00723648,1048565,14352128,1048565,16776960
worst,1:4,H,100,100,display256,center,-1,-1,2304,470.319444,195,495,147,0,0.01435301,1045666,65365,1046242,65365
worst,1:4,H,100,100,display256,center,0,1,384,469.567708,195,497,151,0,0.01433007,1045058,65365,1045634,65365
worst,1:4,H,100,100,display256,center,1,2,384,471.971354,196,503,149,0,0.01440342,1045074,16777045,1045666,16777045
worst,1:4,H,100,100,display256,center,2,3,384,468.140625,193,495,147,0,0.01428652,1045666,65365,1046242,65365
worst,1:4,H,100,100,display256,center,3,4,384,472.473958,195,496,150,0,0.01441876,1046802,16777045,1047394,16777045
worst,1:4,H,100,100,display256,center,4,5,384,468.018229,195,500,149,0,0.01428278,1047394,65365,1047970,65365
worst,1:4,H,100,100,display256,center,5,6,384,471.744792,195,500,154,0,0.01439651,1047410,16777045,1048002,16777045
worst,1:4,H,100,100,display256,width,-1,-1,1152,306.576389,195,267,164,0,0.00935597,258053,65280,520197,65280
worst,1:4,H,100,100,display256,width,0,1,384,261.317708,196,261,164,0,0.00797478,258053,65280,520197,65280
worst,1:4,H,100,100,display256,width,1,2,384,321.200521,196,273,170,0,0.00980226,520197,65280,782341,65280
worst,1:4,H,100,100,display256,width,2,3,384,337.210938,195,273,166,0,0.01029086,786421,16776960,1048565,16776960
worst,1:4,H,100,100,display256,depth,-1,-1,1152,424.194444,292,438,262,0,0.01294539,90177524,65535,157286388,65535
worst,1:4,H,100,100,display256,depth,0,1,384,423.750000,290,441,264,0,0.01293182,1048564,65535,68157428,65535
worst,1:4,H,100,100,display256,depth,1,2,384,424.127604,291,438,262,0,0.01294335,90177524,65535,157286388,65535
worst,1:4,H,100,100,display256,depth,2,3,384,424.705729,294,438,275,0,0.01296099,179302404,65535,246411268,65535
worst,1:4,H,100,100,display256,neck,-1,-1,1152,98.936632,76,97,67,0,0.00301931,1044486,16776960,1044486,16777024
worst,1:4,H,100,100,display256,neck,0,1,384,93.070312,72,92,67,0,0.00284028,1044486,16776960,1044486,16777024
worst,1:4,H,100,100,display256,neck,1,2,384,98.710938,77,98,69,0,0.00301242,1044486,65365,1044486,65429
worst,1:4,H,100,100,display256,neck,2,3,384,105.028646,81,104,71,0,0.00320522,1048566,65408,1048566,65472
worst,1:4,H,100,100,display256,head,-1,-1,1152,295.133681,183,251,153,0,0.00900677,1044485,16128,1044485,32512
worst,1:4,H,100,100,display256,head,0,1,384,246.486979,182,245,153,0,0.00752219,1044485,16128,1044485,32512
worst,1:4,H,100,100,display256,head,1,2,384,311.020833,183,254,159,0,0.00949160,1048565,32512,1048565,48896
worst,1:4,H,100,100,display256,head,2,3,384,327.893229,183,259,160,0,0.01000651,1048565,16760576,1048565,16776960
worst,1:4,H,100,100,display256,skew,-1,-1,2304,230.059028,111,180,78,0,0.00702084,1044482,4914944,1044482,7274240
worst,1:4,H,100,100,display256,skew,0,1,384,238.226562,103,187,82,0,0.00727010,1044482,65280,1044482,2490112
worst,1:4,H,100,100,display256,skew,1,2,384,230.359375,108,176,82,0,0.00703001,1044482,4783872,1044482,7208704
worst,1:4,H,100,100,display256,skew,2,3,384,220.864583,126,179,78,0,0.00674025,1044482,4914944,1044482,7274240
worst,1:4,H,100,100,display256,skew,3,4,384,222.328125,127,178,78,0,0.00678492,1048562,9568000,1048562,11992832
worst,1:4,H,100,100,display256,skew,4,5,384,229.007812,107,176,81,0,0.00698876,1048566,11992832,1048566,14352128
worst,1:4,H,100,100,display256,skew,5,6,384,239.567708,104,188,81,0,0.00731103,1048562,14352128,1048562,16776960
random,1:4,V,400,100,normalized64,center,-1,-1,384,84.695312,69,83,54,0,0.04135513,155100546,433408,155101122,433408
random,1:4,V,400,100,normalized64,center,0,1,64,85.609375,70,84,61,0,0.04180145,117350445,6391111,117351021,6391111
random,1:4,V,400,100,normalized64,center,1,2,64,83.859375,68,82,56,0,0.04094696,12026749,8286801,12027325,8286801
random,1:4,V,400,100,normalized64,center,2,3,64,84.812500,70,84,54,0,0.04141235,155100546,433408,155101122,433408
random,1:4,V,400,100,normalized64,center,3,4,64,84.640625,67,86,54,0,0.04132843,155101122,433408,155101714,433408
random,1:4,V,400,100,normalized64,center,4,5,64,84.421875,69,82,56,0,0.04122162,12028509,8286801,12029085,8286801
random,1:4,V,400,100,normalized64,center,5,6,64,84.828125,67,83,55,0,0.04141998,155102290,433408,155102882,433408
random,1:4,V,400,100,normalized64,width,-1,-1,192,32.755208,24,32,16,0,0.01599375,42047699,16266523,42309843,16266523
random,1:4,V,400,100,normalized64,width,0,1,64,32.203125,23,32,16,0,0.01572418,42047699,16266523,42309843,16266523
random,1:4,V,400,100,normalized64,width,1,2,64,32.671875,24,33,17,0,0.01595306,42309843,16266523,42571987,16266523
random,1:4,V,400,100,normalized64,width,2,3,64,33.390625,24,32,20,0,0.01630402,12290061,8286801,12552205,8286801
random,1:4,V,400,100,normalized64,depth,-1,-1,192,47.848958,33,46,24,0,0.02336375,5616924,6758493,72725788,6758493
random,1:4,V,400,100,normalized64,depth,0,1,64,48.109375,34,46,24,0,0.02349091,5616924,6758493,72725788,6758493
random,1:4,V,400,100,normalized64,depth,1,2,64,48.234375,33,48,25,0,0.02355194,95796284,11012162,162905148,11012162
random,1:4,V,400,100,normalized64,depth,2,3,64,47.203125,33,46,24,0,0.02304840,162905148,11012162,230014012,11012162
random,1:4,V,400,100,normalized64,neck,-1,-1,192,10.333333,7,10,3,0,0.00504557,165572974,13596520,165572974,13596584
random,1:4,V,400,100,normalized64,neck,0,1,64,9.640625,7,9,5,0,0.00470734,264820774,13591820,264820774,13591884
random,1:4,V,400,100,normalized64,neck,1,2,64,9.937500,6,10,3,0,0.00485229,165572974,13596520,165572974,13596584
random,1:4,V,400,100,normalized64,neck,2,3,64,11.421875,8,11,6,0,0.00557709,34891939,14135734,34891939,14135798
random,1:4,V,400,100,normalized64,head,-1,-1,192,30.473958,21,30,14,0,0.01487986,12027917,8303185,12027917,8319569
random,1:4,V,400,100,normalized64,head,0,1,64,29.734375,21,30,16,0,0.01451874,10959657,6366215,10959657,6382599
random,1:4,V,400,100,normalized64,head,1,2,64,30.656250,20,30,16,0,0.01496887,26364675,8735298,26364675,8751682
random,1:4,V,400,100,normalized64,head,2,3,64,31.031250,21,30,14,0,0.01515198,12027917,8303185,12027917,8319569
random,1:4,V,400,100,normalized64,skew,-1,-1,384,22.265625,14,21,8,0,0.01087189,37107545,4740562,37107545,7099858
random,1:4,V,400,100,normalized64,skew,0,1,64,22.921875,15,20,11,0,0.01119232,26364675,1526338,26364675,3951170
random,1:4,V,400,100,normalized64,skew,1,2,64,21.562500,13,21,8,0,0.01052856,37107545,4740562,37107545,7099858
random,1:4,V,400,100,normalized64,skew,2,3,64,21.937500,15,21,13,0,0.01071167,224904485,6067906,224904485,8427202
random,1:4,V,400,100,normalized64,skew,3,4,64,22.421875,13,22,10,0,0.01094818,88446753,7361622,88446753,9720918
random,1:4,V,400,100,normalized64,skew,4,5,64,22.437500,16,23,11,0,0.01095581,12027917,10711633,12027917,13070929
random,1:4,V,400,100,normalized64,skew,5,6,64,22.312500,14,22,10,0,0.01089478,84240115,12385766,84240115,14745062
random,1:4,V,400,100,display64,center,-1,-1,384,8.973958,6,9,5,0,0.00438182,224903317,15636162,224903893,15636162
random,1:4,V,400,100,display64,center,0,1,64,9.031250,6,9,5,0,0.00440979,224903317,15636162,224903893,15636162
random,1:4,V,400,100,display64,center,1,2,64,8.937500,6,9,5,0,0.00436401,26362915,8735298,26363507,8735298
random,1:4,V,400,100,display64,center,2,3,64,8.984375,7,9,6,0,0.00438690,34891347,14135606,34891939,14135606
random,1:4,V,400,100,display64,center,3,4,64,8.828125,6,9,5,0,0.00431061,224905077,15636162,224905653,15636162
random,1:4,V,400,100,display64,center,4,5,64,8.984375,6,9,5,0,0.00438690,37108137,9524690,37108713,9524690
random,1:4,V,400,100,display64,center,5,6,64,9.078125,7,9,5,0,0.00443268,147958701,369371,147959293,369371
random,1:4,V,400,100,display64,width,-1,-1,192,3.437500,2,3,0,3,0.00167847,26626819,8735298,26888963,8735298
random,1:4,V,400,100,display64,width,0,1,64,3.468750,2,3,0,1,0.00169373,11765773,8286801,12027917,8286801
random,1:4,V,400,100,display64,width,1,2,64,3.218750,1,3,0,2,0.00157166,26626819,8735298,26888963,8735298
random,1:4,V,400,100,display64,width,2,3,64,3.625000,2,4,1,0,0.00177002,225166629,15636162,225428773,15636162
random,1:4,V,400,100,display64,depth,-1,-1,192,4.687500,1,4,0,15,0.00228882,90686757,15636162,157795621,15636162
random,1:4,V,400,100,display64,depth,0,1,64,6.968750,2,8,1,0,0.00340271,54383093,8952072,121491957,8952072
random,1:4,V,400,100,display64,depth,1,2,64,4.093750,0,4,0,9,0.00199890,90686757,15636162,157795621,15636162
random,1:4,V,400,100,display64,depth,2,3,64,3.000000,1,3,0,6,0.00146484,157795621,15636162,224904485,15636162
random,1:4,V,400,100,display64,neck,-1,-1,192,1.463542,1,2,0,12,0.00071462,206943516,6758493,206943516,6758557
random,1:4,V,400,100,display64,neck,0,1,64,1.484375,1,2,0,1,0.00072479,261225038,8700470,261225038,8700534
random,1:4,V,400,100,display64,neck,1,2,64,1.484375,1,2,0,4,0.00072479,206943516,6758493,206943516,6758557
random,1:4,V,400,100,display64,neck,2,3,64,1.421875,0,2,0,7,0.00069427,232448497,8271004,232448497,8271068
random,1:4,V,400,100,display64,head,-1,-1,192,3.312500,2,3,0,4,0.00161743,12027917,8270417,12027917,8286801
random,1:4,V,400,100,display64,head,0,1,64,3.015625,2,3,0,2,0.00147247,12027917,8270417,12027917,8286801
random,1:4,V,400,100,display64,head,1,2,64,3.500000,2,4,0,1,0.00170898,5531723,7294101,5531723,7310485
random,1:4,V,400,100,display64,head,2,3,64,3.421875,2,3,0,1,0.00167084,162905148,11044930,162905148,11061314
random,1:4,V,400,100,display64,skew,-1,-1,384,2.158854,0,2,0,40,0.00105413,193431922,13882422,193431922,16241718
random,1:4,V,400,100,display64,skew,0,1,64,2.265625,1,2,0,3,0.00110626,63568937,2324369,63568937,4683665
random,1:4,V,400,100,display64,skew,1,2,64,2.093750,0,2,0,10,0.00102234,34891939,4567350,34891939,6926646
random,1:4,V,400,100,display64,skew,2,3,64,2.203125,1,2,0,5,0.00107574,224904485,6067906,224904485,8427202
random,1:4,V,400,100,display64,skew,3,4,64,2.031250,0,2,0,8,0.00099182,34891939,9351478,34891939,11710774
random,1:4,V,400,100,display64,skew,4,5,64,2.234375,1,2,0,6,0.00109100,224904485,10852034,224904485,13211330
random,1:4,V,400,100,display64,skew,5,6,64,2.125000,0,2,0,8,0.00103760,193431922,13882422,193431922,16241718
random,1:4,V,400,100,display256,center,-1,-1,384,148.596354,121,149,94,0,0.00453480,12026749,8286801,12027325,8286801
random,1:4,V,400,100,display256,center,0,1,64,148.781250,123,149,96,0,0.00454044,12026157,8286801,12026749,8286801
random,1:4,V,400,100,display256,center,1,2,64,148.359375,120,150,94,0,0.00452757,12026749,8286801,12027325,8286801
random,1:4,V,400,100,display256,center,2,3,64,148.609375,123,150,96,0,0.00453520,12027325,8286801,12027917,8286801
random,1:4,V,400,100,display256,center,3,4,64,148.546875,123,150,97,0,0.00453329,12027917,8286801,12028509,8286801
random,1:4,V,400,100,display256,center,4,5,64,148.781250,121,150,94,0,0.00454044,12028509,8286801,12029085,8286801
random,1:4,V,400,100,display256,center,5,6,64,148.500000,121,150,97,0,0.00453186,12029085,8286801,12029677,8286801
random,1:4,V,400,100,display256,width,-1,-1,192,57.541667,42,56,31,0,0.00175603,42309843,16266523,42571987,16266523
random,1:4,V,400,100,display256,width,0,1,64,56.843750,42,56,33,0,0.00173473,11765773,8286801,12027917,8286801
random,1:4,V,400,100,display256,width,1,2,64,56.890625,42,56,31,0,0.00173616,42309843,16266523,42571987,16266523
random,1:4,V,400,100,display256,width,2,3,64,58.890625,44,56,36,0,0.00179720,12290061,8286801,12552205,8286801
random,1:4,V,400,100,display256,depth,-1,-1,192,84.880208,60,83,35,0,0.00259034,156467492,2714971,223576356,2714971
random,1:4,V,400,100,display256,depth,0,1,64,85.171875,65,82,52,0,0.00259924,5616924,6758493,72725788,6758493
random,1:4,V,400,100,display256,depth,1,2,64,84.921875,60,84,40,0,0.00259161,72725788,6758493,139834652,6758493
random,1:4,V,400,100,display256,depth,2,3,64,84.546875,55,84,35,0,0.00258017,156467492,2714971,223576356,2714971
random,1:4,V,400,100,display256,neck,-1,-1,192,18.354167,13,18,8,0,0.00056012,26364675,8735234,26364675,8735298
random,1:4,V,400,100,display256,neck,0,1,64,17.156250,13,16,8,0,0.00052357,26364675,8735234,26364675,8735298
random,1:4,V,400,100,display256,neck,1,2,64,18.609375,13,18,10,0,0.00056791,12027917,8286801,12027917,8286865
random,1:4,V,400,100,display256,neck,2,3,64,19.296875,15,19,10,0,0.00058889,26364675,8735362,26364675,8735426
random,1:4,V,400,100,display256,head,-1,-1,192,54.093750,39,53,31,0,0.00165081,12027917,8270417,12027917,8286801
random,1:4,V,400,100,display256,head,0,1,64,52.859375,39,54,31,0,0.00161314,12027917,8270417,12027917,8286801
random,1:4,V,400,100,display256,head,1,2,64,53.781250,38,53,31,0,0.00164127,12027917,8286801,12027917,8303185
random,1:4,V,400,100,display256,head,2,3,64,55.640625,40,53,33,0,0.00169802,26364675,8751682,26364675,8768066
random,1:4,V,400,100,display256,skew,-1,-1,384,38.739583,27,36,19,0,0.00118224,12027917,1077841,12027917,3502673
random,1:4,V,400,100,display256,skew,0,1,64,39.359375,27,36,19,0,0.00120115,12027917,1077841,12027917,3502673
random,1:4,V,400,100,display256,skew,1,2,64,38.625000,28,35,21,0,0.00117874,12027917,3502673,12027917,5861969
random,1:4,V,400,100,display256,skew,2,3,64,37.906250,28,37,22,0,0.00115681,26364675,6310466,26364675,8735298
random,1:4,V,400,100,display256,skew,3,4,64,39.078125,27,37,23,0,0.00119257,12027917,8286801,12027917,10711633
random,1:4,V,400,100,display256,skew,4,5,64,38.843750,26,37,21,0,0.00118542,12027917,10711633,12027917,13070929
random,1:4,V,400,100,display256,skew,5,6,64,38.625000,26,34,19,0,0.00117874,12027917,13070929,12027917,15495761
worst,1:4,V,400,100,normalized64,center,-1,-1,2304,66.779080,27,71,18,0,0.03260697,1044482,65280,1045074,65280
worst,1:4,V,400,100,normalized64,center,0,1,384,66.690104,26,71,18,0,0.03256353,1044482,65280,1045074,65280
worst,1:4,V,400,100,normalized64,center,1,2,384,67.083333,28,71,21,0,0.03275553,1045634,65450,1046226,65450
worst,1:4,V,400,100,normalized64,center,2,3,384,66.390625,26,71,20,0,0.03241730,1045666,65280,1046242,65280
worst,1:4,V,400,100,normalized64,center,3,4,384,66.958333,26,70,20,0,0.03269450,1046802,65450,1047394,65450
worst,1:4,V,400,100,normalized64,center,4,5,384,66.575521,28,70,21,0,0.03250758,1046834,65280,1047410,65280
worst,1:4,V,400,100,normalized64,center,5,6,384,66.976562,26,71,18,0,0.03270340,1047970,65280,1048562,65280
worst,1:4,V,400,100,normalized64,width,-1,-1,1152,43.638889,27,38,18,0,0.02130805,258053,65535,520197,65535
worst,1:4,V,400,100,normalized64,width,0,1,384,37.687500,28,38,18,0,0.01840210,258053,65535,520197,65535
worst,1:4,V,400,100,normalized64,width,1,2,384,45.429688,28,39,22,0,0.02218246,520195,16777130,782339,16777130
worst,1:4,V,400,100,normalized64,width,2,3,384,47.799479,27,38,20,0,0.02333959,782339,65280,1044483,65280
worst,1:4,V,400,100,normalized64,depth,-1,-1,1152,59.519097,41,58,32,0,0.02906206,68153348,16777130,135262212,16777130
worst,1:4,V,400,100,normalized64,depth,0,1,384,59.804688,41,57,34,0,0.02920151,67104772,16777215,134213636,16777215
worst,1:4,V,400,100,normalized64,depth,1,2,384,59.580729,40,59,32,0,0.02909215,68153348,16777130,135262212,16777130
worst,1:4,V,400,100,normalized64,depth,2,3,384,59.171875,41,60,36,0,0.02889252,201322500,65535,268431364,65535
worst,1:4,V,400,100,normalized64,neck,-1,-1,1152,13.941840,10,14,7,0,0.00680754,1044483,16777088,1044483,16777152
worst,1:4,V,400,100,normalized64,neck,0,1,384,12.914062,9,13,8,0,0.00630569,1048561,65343,1048561,65407
worst,1:4,V,400,100,normalized64,neck,1,2,384,14.177083,11,14,8,0,0.00692240,1044486,65344,1044486,65408
worst,1:4,V,400,100,normalized64,neck,2,3,384,14.734375,10,15,7,0,0.00719452,1044483,16777088,1044483,16777152
worst,1:4,V,400,100,normalized64,head,-1,-1,1152,42.018229,26,36,18,0,0.02051671,1044483,48896,1044483,65280
worst,1:4,V,400,100,normalized64,head,0,1,384,35.604167,26,36,18,0,0.01738485,1044485,16213,1044485,32597
worst,1:4,V,400,100,normalized64,head,1,2,384,43.927083,26,36,20,0,0.02144877,179306483,32597,179306483,48981
worst,1:4,V,400,100,normalized64,head,2,3,384,46.523438,26,36,18,0,0.02271652,1044483,48896,1044483,65280
worst,1:4,V,400,100,normalized64,skew,-1,-1,2304,32.756510,16,25,10,0,0.01599439,1044482,2424576,1044482,4783872
worst,1:4,V,400,100,normalized64,skew,0,1,384,34.078125,15,26,10,0,0.01663971,1044482,2424576,1044482,4783872
worst,1:4,V,400,100,normalized64,skew,1,2,384,32.752604,15,25,10,0,0.01599248,1044486,4783957,1044486,7208789
worst,1:4,V,400,100,normalized64,skew,2,3,384,31.343750,17,26,11,0,0.01530457,1044482,4915029,1044482,7274325
worst,1:4,V,400,100,normalized64,skew,3,4,384,31.526042,17,25,11,0,0.01539358,1048562,9568085,1048562,11992917
worst,1:4,V,400,100,normalized64,skew,4,5,384,32.424479,15,24,10,0,0.01583227,1048566,9699157,1048566,12058453
worst,1:4,V,400,100,normalized64,skew,5,6,384,34.414062,15,26,10,0,0.01680374,1048562,12058368,1048562,14483200
worst,1:4,V,400,100,display64,center,-1,-1,2304,7.266493,3,7,0,14,0.00354809,1044482,65280,1045074,65280
worst,1:4,V,400,100,display64,center,0,1,384,7.161458,3,7,0,5,0.00349681,1044482,65280,1045074,65280
worst,1:4,V,400,100,display64,center,1,2,384,7.382812,3,7,0,2,0.00360489,179302994,65365,179303586,65365
worst,1:4,V,400,100,display64,center,2,3,384,7.255208,3,7,1,0,0.00354258,90174626,65280,90175202,65280
worst,1:4,V,400,100,display64,center,3,4,384,7.255208,3,7,1,0,0.00354258,268433682,65535,268434274,65535
worst,1:4,V,400,100,display64,center,4,5,384,7.356771,3,7,0,2,0.00359217,179305314,16777045,179305890,16777045
worst,1:4,V,400,100,display64,center,5,6,384,7.187500,3,7,0,5,0.00350952,1047970,65280,1048562,65280
worst,1:4,V,400,100,display64,width,-1,-1,1152,4.697917,2,4,0,1,0.00229390,524275,65535,786419,65535
worst,1:4,V,400,100,display64,width,0,1,384,3.976562,2,4,1,0,0.00194168,258049,65280,520193,65280
worst,1:4,V,400,100,display64,width,1,2,384,5.028646,3,5,0,1,0.00245539,524275,65535,786419,65535
worst,1:4,V,400,100,display64,width,2,3,384,5.088542,2,4,1,0,0.00248464,782337,65280,1044481,65280
worst,1:4,V,400,100,display64,depth,-1,-1,1152,5.844618,2,5,0,96,0.00285382,68153349,65280,135262213,65280
worst,1:4,V,400,100,display64,depth,0,1,384,8.322917,2,10,2,0,0.00406392,1044484,16776960,68153348,16776960
worst,1:4,V,400,100,display64,depth,1,2,384,5.372396,0,5,0,64,0.00262324,68153349,65280,135262213,65280
worst,1:4,V,400,100,display64,depth,2,3,384,3.838542,1,4,0,32,0.00187429,135262213,65280,202371077,65280
worst,1:4,V,400,100,display64,neck,-1,-1,1152,1.892361,1,2,0,7,0.00092400,268431361,65408,268431361,65472
worst,1:4,V,400,100,display64,neck,0,1,384,1.846354,1,2,0,1,0.00090154,179302401,16776960,179302401,16777024
worst,1:4,V,400,100,display64,neck,1,2,384,1.960938,1,2,0,3,0.00095749,179302401,65386,179302401,65450
worst,1:4,V,400,100,display64,neck,2,3,384,1.869792,1,2,0,3,0.00091298,268431361,65408,268431361,65472
worst,1:4,V,400,100,display64,head,-1,-1,1152,4.644097,2,4,0,1,0.00226763,1048563,32767,1048563,49151
worst,1:4,V,400,100,display64,head,0,1,384,3.880208,2,4,1,0,0.00189463,1044481,16128,1044481,32512
worst,1:4,V,400,100,display64,head,1,2,384,5.033854,3,4,0,1,0.00245794,1048563,32767,1048563,49151
worst,1:4,V,400,100,display64,head,2,3,384,5.018229,2,4,1,0,0.00245031,1044481,48896,1044481,65280
worst,1:4,V,400,100,display64,skew,-1,-1,2304,3.483073,1,3,0,39,0.00170072,90173443,2490112,90173443,4914944
worst,1:4,V,400,100,display64,skew,0,1,384,3.674479,1,3,0,3,0.00179418,1044485,65450,1044485,2490282
worst,1:4,V,400,100,display64,skew,1,2,384,3.481771,1,2,0,16,0.00170008,90173443,2490112,90173443,4914944
worst,1:4,V,400,100,display64,skew,2,3,384,3.281250,1,3,1,0,0.00160217,1044481,4914944,1044481,7274240
worst,1:4,V,400,100,display64,skew,3,4,384,3.296875,1,3,1,0,0.00160980,1044481,7274240,1044481,9699072
worst,1:4,V,400,100,display64,skew,4,5,384,3.492188,1,2,0,16,0.00170517,90173443,9699072,90173443,12058368
worst,1:4,V,400,100,display64,skew,5,6,384,3.671875,1,3,0,4,0.00179291,90177525,14352213,90177525,16777045
worst,1:4,V,400,100,display256,center,-1,-1,2304,117.405382,48,126,36,0,0.00358293,1046834,65280,1047410,65280
worst,1:4,V,400,100,display256,center,0,1,384,117.398438,47,126,36,0,0.00358272,1045058,65535,1045634,65535
worst,1:4,V,400,100,display256,center,1,2,384,117.367188,49,126,37,0,0.00358176,1045074,16776960,1045666,16776960
worst,1:4,V,400,100,display256,center,2,3,384,117.153646,47,125,37,0,0.00357525,1045666,65280,1046242,65280
worst,1:4,V,400,100,display256,center,3,4,384,118.057292,47,125,37,0,0.00360282,1046242,16777215,1046834,16777215
worst,1:4,V,400,100,display256,center,4,5,384,116.372396,47,126,36,0,0.00355140,1046834,65280,1047410,65280
worst,1:4,V,400,100,display256,center,5,6,384,118.083333,48,126,36,0,0.00360362,1047410,16777215,1048002,16777215
worst,1:4,V,400,100,display256,width,-1,-1,1152,75.791667,48,67,39,0,0.00231298,782341,65280,1044485,65280
worst,1:4,V,400,100,display256,width,0,1,384,64.734375,47,66,39,0,0.00197554,258053,65365,520197,65365
worst,1:4,V,400,100,display256,width,1,2,384,79.411458,49,67,41,0,0.00242345,524277,65280,786421,65280
worst,1:4,V,400,100,display256,width,2,3,384,83.229167,48,69,39,0,0.00253995,782341,65280,1044485,65280
worst,1:4,V,400,100,display256,depth,-1,-1,1152,106.724826,76,106,49,0,0.00325698,201326580,16777215,268435444,16777215
worst,1:4,V,400,100,display256,depth,0,1,384,106.354167,80,110,67,0,0.00324567,67108853,16777215,134217717,16777215
worst,1:4,V,400,100,display256,depth,1,2,384,107.434896,75,112,59,0,0.00327865,68153348,16777215,135262212,16777215
worst,1:4,V,400,100,display256,depth,2,3,384,106.385417,62,104,49,0,0.00324663,201326580,16777215,268435444,16777215
worst,1:4,V,400,100,display256,neck,-1,-1,1152,25.025174,19,24,17,0,0.00076371,1044483,65280,1044483,65344
worst,1:4,V,400,100,display256,neck,0,1,384,23.463542,18,23,17,0,0.00071605,1044483,65280,1044483,65344
worst,1:4,V,400,100,display256,neck,1,2,384,24.768229,19,25,17,0,0.00075587,1044486,65365,1044486,65429
worst,1:4,V,400,100,display256,neck,2,3,384,26.843750,20,26,17,0,0.00081921,1048566,65408,1048566,65472
worst,1:4,V,400,100,display256,head,-1,-1,1152,73.220486,46,63,38,0,0.00223451,1044485,16128,1044485,32512
worst,1:4,V,400,100,display256,head,0,1,384,61.562500,45,63,38,0,0.00187874,1044485,16128,1044485,32512
worst,1:4,V,400,100,display256,head,1,2,384,76.932292,46,63,40,0,0.00234779,1044485,32512,1044485,48896
worst,1:4,V,400,100,display256,head,2,3,384,81.166667,46,65,39,0,0.00247701,1044483,16760576,1044483,16776960
worst,1:4,V,400,100,display256,skew,-1,-1,2304,57.230035,27,45,19,0,0.00174652,1044482,65280,1044482,2490112
worst,1:4,V,400,100,display256,skew,0,1,384,59.169271,25,46,19,0,0.00180570,1044482,65280,1044482,2490112
worst,1:4,V,400,100,display256,skew,1,2,384,56.984375,27,45,19,0,0.00173903,1044482,4783872,1044482,7208704
worst,1:4,V,400,100,display256,skew,2,3,384,55.312500,31,45,22,0,0.00168800,90173442,4915029,90173442,7274325
worst,1:4,V,400,100,display256,skew,3,4,384,55.669271,32,46,22,0,0.00169889,1048562,9568170,1048562,11993002
worst,1:4,V,400,100,display256,skew,4,5,384,56.880208,27,45,20,0,0.00173585,1048562,9699072,1048562,12058368
worst,1:4,V,400,100,display256,skew,5,6,384,59.364583,25,46,19,0,0.00181166,1048562,14352128,1048562,16776960
